,song,artist,genre
45,(It's Been A Long Time) Pretty Baby,Gino & Gina,Pop
53,Nel Blu Dipinto Di Blu (Volare),Domenico Modugno,Pop
57,Fool's Paradise,The Crickets,Rock
61,For Your Love,Ed Townsend,Urban
66,Big Man,The Four Preps,Pop
68,Op,The Honeycones,Pop
70,Got A Match?,Frank Gallup,Jazz
78,The Bird On My Head,David Seville,Other
79,Johnny B. Goode,Chuck Berry,Rock
80,Beautiful Delilah,Chuck Berry,Rock
84,Got A Match?,The Daddy-O's,Urban
85,To Be Loved,Jackie Wilson,Urban
89,Stay,The Ames Brothers,Pop
95,Over And Over,Thurston Harris,Jazz
97,Little Serenade,The Ames Brothers,Pop
98,I'll Get By (As Long As I Have You),Billy Williams,Traditional
99,Judy,Frankie Vaughan,Pop
166,Lean Jean,Bill Haley And His Comets,Rock
175,Just Married,Marty Robbins,Traditional
181,Looking Back,Nat King Cole,Pop
185,Moonlight Bay,The Drifters,Urban
186,Come In Stranger,Johnny Cash And The Tennessee Two,Rock
193,Midnighter,The Champs,Rock
196,Sunday Barbecue,Tennessee Ernie Ford,Traditional
198,Nothing In The World,Nat King Cole,Pop
296,Ma Ma Ma Marie,The Gaylords,Pop
298,Who Are They To Say,The DeCastro Sisters,Urban
299,Going To Chicago Blues,Count Basie & His Orch.,Jazz
479,"Volare (Nel Blu, Dipinto Di Blu)",The McGuire Sisters,Pop
494,Old MacDonald,The Chargers,Other
498,Pickle Up A Doodle,Teresa Brewer,Pop
584,I'll Make It All Up To You,Jerry Lee Lewis And His Pumping Piano,Rock
591,Invitation To The Blues,Ray Price,Traditional
592,Guess I've Been Around Too Long,Carl Smith,Traditional
593,Yes I Want You,Ivory Joe Hunter,Jazz
791,Young School Girl,Fats Domino,Urban
799,Itchy Twitchy Feeling,The Swallows,Rock
891,Tic Toc,Lee Allen And His Band,Rock
995,Fried Onions,Lord Rockingham's XI,Rock
1093,Bluebell,Mitch Miller and his Orchestra and Chorus,Pop
1095,Geraldine,Jack Scott,Rock
1194,Paris,Perez Prado And His Orchestra,Other
1294,Someday (You'll Want Me To Want You),Jodie Sands,Rock
1491,Hold It,Bill Doggett,Jazz
1493,Jealous Heart,The Fontane Sisters,Pop
1497,Flamingo L'Amore,The Gaylords,Pop
1591,Coquette,Fats Domino,Urban
1792,"A House, A Car And A Wedding Ring",Mike Preston,Pop
1894,Billy Bayou,Jim Reeves,Traditional
1984,I Just Thought You'd Like To Know,Johnny Cash And The Tennessee Two,Rock
2097,The Reason,The 5 Chanels,Rock
2187,The Voice In My Heart,Eydie Gorme,Pop
2298,Sermonette,Della Reese,Jazz
2398,You Can't Get To Heaven On Roller Skates,Betty Johnson,Pop
2492,I'll Sail My Ship Alone,Jerry Lee Lewis And His Pumping Piano,Rock
2794,(Night Time Is) The Right Time,Ray Charles with the Raylettes,Urban
2897,I Don't Need You Anymore,The Teddy Bears,Rock
2999,Glad Rags,Tennessee Ernie Ford,Traditional
3095,The Search,Dean Reed,Rock
3196,"Piove (Ciao, Ciao Bambina)",Domenico Modugno,Pop
3298,Teenage Heaven,Eddie Cochran,Rock
3381,Record Hop Blues,The Quarter Notes,Rock
3394,Jimmy Kiss And Run,Diane Maxwell,Pop
3399,Sweet Annie Laurie,Sammy Turner and The Twisters,Jazz
3488,Hawaiian War Chant,Billy Vaughn And His Orchestra,Pop
3491,A House Of Love,Scott Garrett,Urban
3499,The Chick,Lee and Paul,Urban
3774,Goodnight Irene,Billy Williams,Urban
3795,Walkin' To Mother's,Ray Anthony and His Orchestra,Soundtrack
3797,That's All I Want,Bobby Day,Rock
3995,Separate Ways,Sarah Vaughan,Jazz
3998,Three Stars,Ruby Wright,Pop
4091,Eternally,Thomas Wayne With the Delons,Rock
4099,Love Me In The Daytime,Doris Day,Pop
4185,Judy,David Seville,Other
4598,With My Eyes Wide Open I'm Dreaming,Enoch Light & The Light Brigade,Jazz
4681,Gotta New Girl,Bobby Day,Rock
4788,The Five Pennies,Dodie Stevens,Rock
4896,Sweet Sugar Lips,The Kalin Twins,Rock
5081,With All Of My Heart,Brook Benton,Rock
5599,I Looked At Heaven,Tommy Edwards,Jazz
5892,Fog Cutter,The Frantics,Rock
5894,Private Eye,The Olympics,Rock
5897,One More Sunrise (Morgen),Leslie Uggams,Pop
6693,Don't Destroy Me,Crash Craddock,Traditional
7192,Ebb Tide,Bobby Freeman,Rock
7197,CooCoo-U,The Kingston Trio,Traditional
7393,Do-Re-Mi,Anita Bryant,Pop
7796,Livin' Dangerously,The McGuire Sisters,Pop
8082,Forever,Billy Walker,Traditional
8097,If You Need Me,Fats Domino,Urban
8199,Let Them Talk,Little Willie John,Urban
8298,The Old Payola Roll Blues (Side I),Stan Freberg,Other
8593,Words,Pat Boone,Pop
8697,I Need You Now,100 Strings and Jono (Choir of 40 Voices),Pop
9697,La Montana (If She Should Come To You),Roger Williams,Pop
9698,The Yen Yet Song,Gary Cane And His Friends,Traditional
9985,You've Got The Power,James Brown And The Famous Flames,Urban
10390,Whip It On Me,Jessie Hill,Urban
10391,Honky-Tonk Girl,Johnny Cash,Traditional
10398,She's Just A Whole Lot Like You,Hank Thompson,Traditional
10496,Theme From Adventures In Paradise,Jerry Byrd,Traditional
10597,She's Mine,Conway Twitty,Traditional
10698,The Last Dance,The McGuire Sisters,Pop
10896,Revival,Johnny And The Hurricanes,Rock
10898,Vaquero (Cowboy),The Fireballs,Rock
10999,Beachcomber,Bobby Darin,Rock
11080,Since I Met You Baby,Bobby Vee,Rock
11595,The Last One To Know,The Fleetwoods,Pop
11694,Dance With Me Georgie,The Bobbettes,Rock
11697,Midnight Lace,David Carroll And His Orchestra,Pop
11699,Isn't It Amazing,The Crests featuring Johnny Mastro,Rock
11795,Irresistable You,Bobby Peterson,Rock
11886,Senza Mamma (With No One),Connie Francis,Rock
11892,(Theme From) The Sundowners,Mantovani & His Orchestra,Pop
11895,A Thousand Miles Away,The Heartbeats,Rock
12098,Fallen Angel,Webb Pierce,Traditional
12290,You Are My Sunshine,Johnny And The Hurricanes,Rock
12295,Little Miss Blue,Dion,Rock
12496,Blue Christmas,The Browns featuring Jim Edward Brown,Traditional
12592,Someday You'll Want Me To Want You,Brook Benton,Rock
12594,Child Of God,Bobby Darin,Rock
12699,This Is My Story,Mickey & Sylvia,Rock
12788,Is There Something On Your Mind,Jack Scott,Rock
12994,"Tonite, Tonite",Mello-Kings,Urban
13299,What About Me,Don Gibson,Traditional
13497,A Lover's Question,Ernestine Anderson,Jazz
13498,Cherry Berry Wine,Charlie Mccoy,Traditional
13499,Battle Of Gettysburg,Fred Darian,Pop
13690,Canadian Sunset,Etta Jones,Jazz
13693,Oh Mein Papa,Dick Lee,Pop
13694,Early Every Morning (Early Every Evening Too),Dinah Washington,Jazz
13899,Green Grass Of Texas,The Texans,Traditional
13989,(Theme from) The Great Impostor,Henry Mancini And His Orchestra,Pop
13999,Sweet Little Kathy,Ray Peterson,Rock
14089,A City Girl Stole My Country Boy,Patti Page,Pop
14090,Mr. Pride,Chuck Jackson,Urban
14293,I'm A Fool To Care,Oscar Black,Traditional
14297,"Won'cha Come Home, Bill Bailey",Della Reese,Jazz
14489,This World We Love In (Il Cielo In Una Stanza),Mina,Pop
14490,Life's A Holiday,Jerry Wallace,Traditional
14690,Pick Me Up On Your Way Down,Pat Zill,Traditional
14899,Can't Help Lovin' That Girl Of Mine,The Excels,Pop
14979,Lonely Life,Jackie Wilson,Urban
15091,The Float,Hank Ballard And The Midnighters,Jazz
15093,Dooley,The Olympics,Rock
15296,Broken Hearted,The Miracles,Urban
15388,Boogie Woogie,B. Bumble & The Stingers,Rock
15796,Lovedrops,Mickey & Sylvia,Rock
15893,In Time,Steve Lawrence,Pop
16377,Night Train,Richard Hayman And His Orchestra,Pop
16384,Take My Love (I Want To Give It All To You),Little Willie John,Urban
16389,Girl In My Dreams,The Capris,Rock
16392,Dear Mr. D.J. Play It Again,Tina Robin,Rock
16396,Panic,Otis Williams And His Charms,Traditional
16486,Faraway Star,The Chordettes,Rock
16489,It's All Right,Sam Cooke,Urban
16492,Johnny Willow,Fred Darian,Pop
16588,Pocketful Of Rainbows,Deane Hawley,Rock
16589,Linda,Adam Wade,Pop
16684,Laugh,The Velvets featuring Virgil Johnson,Urban
16692,Image - Part 1,Hank Levine And Orchestra,Classical
16776,Rockin' Bicycle,Fats Domino,Urban
16881,Wasn't The Summer Short?,Johnny Mathis,Pop
16891,Who Can I Count On,Patsy Cline,Traditional
17089,Just Because,The McGuire Sisters,Pop
17279,Love (I'm So Glad) I Found You,The Spinners,Urban
17370,I'll Never Stop Wanting You,Brian Hyland,Rock
17487,Walkin' Back To Happiness,Helen Shapiro,Rock
17682,Seven Day Fool,Etta James,Urban
17687,You Don't Have To Be A Tower Of Strength,Gloria Lynne,Jazz
17784,Free Me,Johnny Preston,Rock
17786,Santa & The Touchables,Dickie Goodman,Other
17787,Ev'rybody's Cryin',Jimmie Beaumont,Rock
17880,The Twist,Ernie Freeman,Pop
17881,The Waltz You Saved For Me,Ferlin Husky,Traditional
17883,The Little Drummer Boy,The Jack Halloran Singers,Other
17886,Motorcycle,Tico And The Triumphs,Traditional
17887,Drown In My Own Tears,Don Shirley,Pop
17979,Island In The Sky,Troy Shondell,Rock
18082,A Sunday Kind Of Love,Jan & Dean,Rock
18179,The Door Is Open,Tommy Hunt,Urban
18286,Tequila Twist,The Champs,Rock
18381,Rough Lover,Aretha Franklin,Jazz
18486,Grow Closer Together,The Impressions,Urban
18562,The Birth Of The Beat,Sandy Nelson,Rock
18579,I Can't Say Goodbye,Bobby Vee,Rock
18586,Popeye Joe,Ernie K-Doe,Urban
18687,(Quarter To Four) Stomp,The Stompers,Rock
18868,Mashed Potatoes (Part 1),Steve Alaimo,Rock
18886,The Moon Was Yellow,Frank Sinatra,Pop
18983,Guitar Boogie Shuffle Twist,The Virtues,Traditional
18985,Stardust,Frank Sinatra,Pop
18986,The Wonderful World Of The Young,Andy Williams,Pop
19073,Ain't That Loving You,Bobby Bland,Traditional
19081,Pop-Eye Stroll,Mar-Keys,Urban
19082,Play The Thing,Marlowe Morris Quintet,Jazz
19185,Lover Come Back,Doris Day,Pop
19275,March Of The Siamese Children,Kenny Ball and his Jazzmen,Jazz
19277,I'm On My Way,The Highwaymen,Traditional
19279,Sugar Blues,Ace Cannon,Traditional
19280,Doin' The Continental Walk,Danny & The Juniors,Rock
19380,I Found Love,Jackie Wilson & Linda Hopkins,Urban
19386,Funny,Gene McDaniels,Urban
19482,You Don't Miss Your Water,William Bell,Urban
19660,Stranger On The Shore,The Drifters,Urban
19674,You're Nobody 'Til Somebody Loves You,Dinah Washington,Jazz
19780,"Jane, Jane, Jane",The Kingston Trio,Traditional
19782,"Quando, Quando, Quando (Tell Me When)",Pat Boone,Pop
19786,The John Birch Society,The Chad Mitchell Trio,Traditional
20173,Marianna,Johnny Mathis,Pop
20286,Air Travel,Ray And Bob,Pop
20385,My Time For Cryin',Maxine Brown,Urban
20386,Cry Myself To Sleep,Del Shannon,Rock
20679,"Don't Cry, Baby",Aretha Franklin,Urban
20685,Dance With Mr. Domino,Fats Domino,Urban
20687,Goodbye Dad,The Castle Sisters,Pop
20783,Little Young Lover,The Impressions,Urban
20785,I'm Tossin' And Turnin' Again,Bobby Lewis,Urban
20887,Houdini,Walter Brennan,Traditional
21086,Limbo,The Capris,Rock
21087,Sweet Georgia Brown,Carroll Bros.,Pop
21172,So Wrong,Patsy Cline,Traditional
21181,I'm Coming Home,Paul Anka,Pop
21182,Beach Party,Dave York and The Beachcombers,Pop
21187,Till There Was You,Valjean on Piano,Jazz
21275,A Taste Of Honey,The Victor Feldman Quartet,Jazz
21280,I Wouldn't Know (What To Do),Dinah Washington,Jazz
21383,Send For Me (If you need some Lovin),Barbara George,Urban
21386,Mama (He Treats Your Daughter Mean),Ruth Brown,Urban
21481,Bonanza!,Johnny Cash,Traditional
21687,Try A Little Tenderness,Aretha Franklin,Jazz
21863,409,The Beach Boys,Traditional
21877,You Can't Lie To A Liar,Ketty Lester,Urban
21884,Hail To The Conquering Hero,James Darren,Rock
21886,Hully Gully Guitar,Jerry Reed And The Hully Girlies,Pop
21984,Limbo Dance,The Champs,Rock
22086,Where Do You Come From,Elvis Presley With The Jordanaires,Rock
22187,Father Knows Best,The Radiants,Urban
22383,"Cold, Cold Heart",Dinah Washington,Jazz
22481,The Searching Is Over,Joe Henderson,Jazz
22486,Don't Stop The Wedding,Ann Cole,Traditional
22576,I'm So Lonesome I Could Cry,Johnny Tillotson,Rock
22580,This Land Is Your Land,The New Christy Minstrels,Pop
22584,This Land Is Your Land,Ketty Lester,Urban
22676,Still Waters Run Deep,Brook Benton,Rock
22685,Zero-Zero,Lawrence Welk,Pop
22687,Night Time,Pete Antell,Urban
22777,I Found A New Baby,Bobby Darin,Rock
22787,Theme From Taras Bulba (The Wishing Star),Jerry Butler,Urban
22885,Does He Mean That Much To You?,Eddy Arnold,Traditional
22982,Lover Come Back To Me,The Cleftones,Rock
22986,"Silent Night, Holy Night",Mahalia Jackson,Other
23182,Someone Somewhere,Junior Parker,Jazz
23184,Slop Time,The Sherrys,Pop
23578,Remember Baby,Shep And The Limelites,Rock
23586,Every Beat Of My Heart,James Brown And The Famous Flames,Urban
23687,"Baby, You're Driving Me Crazy",Joey Dee,Pop
23978,Meditation (Meditacao),Pat Boone,Pop
23985,Pretty Boy Lonely,Patti Page,Pop
24187,Two Wrongs Don't Make A Right,Mary Wells,Urban
24268,Insult To Injury,Timi Yuro,Rock
24283,Marching Thru Madrid,Herb Alpert's Tijuana Brass,Pop
24487,Not For All The Money In The World,The Shirelles,Rock
24584,Diane,Joe Harnell And His Orchestra,Soundtrack
24587,If You Can't Rock Me,Ricky Nelson,Rock
24883,One Boy Too Late,Mike Clifford,Pop
25083,I Know I Know,Pookie Hudson,Pop
25086,The Last Minute (Pt. I),Jimmy McGriff,Jazz
25186,River's Invitation,Percy Mayfield,Jazz
25385,Black Cloud,Chubby Checker,Rock
25479,Yeh-Yeh!,Mongo Santamaria Orch.,Other
25480,Banzai Pipeline,Henry Mancini And His Orchestra,Pop
25487,Breakwater,Lawrence Welk And His Orchestra,Pop
25584,Hello Jim,Paul Anka,Pop
25981,Baja,The Astronauts,Rock
25985,True Love,Richard Chamberlain,Pop
26084,At The Shore,Johnny Caswell,Pop
26182,The Minute You're Gone,Sonny James,Traditional
26286,I Cried,Tammy Montgomery,Jazz
26386,"Dance, Everybody, Dance",The Dartells,Electronica
26487,Make The World Go Away,Ray Price,Traditional
26882,Nick Teen And Al K. Hall,Rolf Harris,Other
26979,Toys In The Attic,Jack Jones,Pop
26980,Where Did The Good Times Go,Dick and DeeDee,Other
26987,Michael - Pt. 1,Steve Alaimo,Rock
27076,Better To Give Than Receive,Joe Hinton,Urban
27077,Detroit City No. 2,Ben Colder,Other
27082,Cowboy Boots,Dave Dudley,Traditional
27087,Hey Lonely One,Baby Washington,Urban
27285,The Scavenger,Dick Dale and The Del-Tones,Rock
27383,(Theme From) Any Number Can Win,Jimmy Smith,Jazz
27384,31 Flavors,The Shirelles,Rock
27477,We Shall Overcome,Joan Baez,Traditional
27480,Saltwater Taffy,Morty Jay And The Surferin' Cats,Alternative & Punk
27482,When The Boy's Happy (The Girl's Happy Too),The Four Pennies,Rock
27687,Please Don't Kiss Me Again,The Charmettes,Pop
27780,"Baby, What's Wrong",Lonnie Mack,Rock
27785,"Baby, We've Got Love",Johnnie Taylor,Urban
27885,Hi Diddle Diddle,Inez Foxx,Pop
27980,Surfer Street,The Allisons,Traditional
28186,Never Love A Robin,Bobby Vee,Rock
28487,Charade,Andy Williams,Pop
28586,When You Walk In The Room,Jackie DeShannon,Rock
28587,Who's Been Sleeping In My Bed?,Linda Scott,Pop
28979,How Much Can A Lonely Heart Stand,Skeeter Davis,Traditional
29084,"Willyam, Willyam",Dee Dee Sharp,Rock
29187,You Were Wrong,Z.Z. Hill,Traditional
29275,"(The Story Of) Woman, Love And A Man (Part 1)",Tony Clarke,Urban
29661,There's A Place,The Beatles,Rock
29685,I'm On Fire,Jerry Lee Lewis,Rock
29687,People,Nat King Cole,Pop
29775,Why,The Beatles With Tony Sheridan,Rock
29886,I'm Confessin' (That I Love You),Nino Tempo & April Stevens,Rock
30181,Have I Stayed Away Too Long,Bobby Bare,Traditional
30281,Big Boss Line,Jackie Wilson,Urban
30284,Security,Otis Redding,Urban
30385,Across The Street,Lenny O'Henry,Pop
30386,Let's Have A Party,The Rivieras,Rock
30486,Trouble I've Had,Clarence Ashe,Rock
30585,Good Time Tonight,The Soul Sisters,Rock
30586,The Magic Of Our Summer Love,The Tymes,Rock
30681,Night Time Is The Right Time,Rufus & Carla,Urban
30784,Sie Liebt Dich (She Loves You),Die Beatles,Rock
30879,Viva Las Vegas,Elvis Presley,Rock
30880,All My Loving,The Hollyridge Strings,Pop
30886,The Things That I Used To Do,James Brown And His Orchestra,Urban
30983,Like Columbus Did,The Reflections,Rock
30985,Jamaica Ska,The Ska Kings,Other
30986,It's A Sin To Tell A Lie,Tony Bennett,Pop
31086,She's My Girl,Bobby Shafto,Urban
31282,I'm Happy Just To Dance With You,The Beatles,Rock
31285,All Grown Up,The Crystals,Rock
31286,Bachelor Boy,Cliff Richard And The Shadows,Rock
31383,One Piece Topless Bathing Suit,The Rip Chords,Rock
31486,It's A Cotton Candy World,Jerry Wallace,Traditional
31884,One More Tear,The Raindrops,Rock
31987,The Clock,Baby Washington,Urban
32083,Gator Tails And Monkey Ribs,The Spats Featuring Dick Johnson,Rock
32287,Just A Moment Ago,Soul Sisters,Rock
32878,High Heel Sneakers,Jerry Lee Lewis,Rock
32974,Silly Little Girl,The Tams,Urban
33084,Pretend You Don't See Her,Bobby Vee,Rock
33086,Rome Will Never Leave You,Richard Chamberlain,Pop
33281,I Just Can't Say Goodbye,Bobby Rydell,Rock
33482,A Little Bit Of Soap,Garnet Mimms,Urban
33486,Black Night,Bobby Bland,Traditional
33685,I Want You To Be My Boy,The Exciters,Rock
33783,The Race Is On,George Jones,Traditional
33986,Cross My Heart,Bobby Vee,Rock
33987,Love Me As Though There Were No Tomorrow,Sonny Knight,Pop
34083,Suddenly I'm All Alone,Walter Jackson,Urban
34085,Diana,Bobby Rydell,Rock
34379,You Can't Hurt Me No More,Gene Chandler,Urban
34385,You're Next,Jimmy Witherspoon,Traditional
34475,This Is It,Jim Reeves,Traditional
34487,This Sporting Life,Ian Whitcomb And Bluesville,Rock
34878,"Every Night, Every Day",Jimmy McCracklin,Traditional
34882,Don't Let Your Left Hand Know,Joe Tex,Urban
34986,I've Got Five Dollars And It's Saturday Night,George & Gene,Rock
35080,Ain't No Telling,Bobby Bland,Traditional
35181,Sad Tomorrows,Trini Lopez,Rock
35187,He Ain't No Angel,The Ad Libs,Rock
35483,Play With Fire,The Rolling Stones,Rock
35585,No One,Brenda Lee,Traditional
35670,Three O'Clock In The Morning,Lou Rawls,Urban
35983,Girl On The Billboard,Del Reeves,Traditional
36084,Blue Shadows,B.B. King,Traditional
36087,Love Me Now,Brook Benton,Rock
36384,"If You Really Want Me To, I'll Go",The Ron-Dels,Rock
36480,Ain't That Love,Four Tops,Urban
36583,We're Doing Fine,Dee Dee Warwick,Urban
36586,Where Were You When I Needed You,Jerry Vale,Pop
36978,Simpel Gimpel,Horst Jankowski,Pop
37685,I Need You So,Chuck Jackson & Maxine Brown,Urban
38179,I Don't Know What You've Got But It's Got Me - Part I,Little Richard,Rock
38180,For You,The Spellbinders,Urban
38483,Do I Make Myself Clear,Etta James & Sugar Pie DeSanto,Urban
38485,The Drinking Man's Diet,Allan Sherman,Other
38584,Good Time Music,The Beau Brummels,Rock
38681,Yesterday Man,Chris Andrews,Pop
38682,Blue River,Elvis Presley,Rock
38684,Look In My Eyes,The Three Degrees,Urban
38687,Mountain Of Love,Billy Stewart,Urban
38880,Think Twice,Jackie Wilson And LaVern Baker,Urban
39079,My Answer,Jimmy McCracklin,Traditional
39081,Rib Tip's (Part 1),Andre Williams & His Orch.,Urban
39085,Fly Me To The Moon,Sam & Bill,Pop
39287,We Got The Winning Hand,Little Milton,Traditional
39686,My Babe,Roy Head And The Traits,Rock
39782,Big Time,Lou Christie,Rock
39982,Uptight (Everything's Alright),The Jazz Crusaders,Jazz
39985,Stop!,The Moody Blues,Rock
40186,3000 Miles,Brian Hyland,Rock
40187,Greetings (This Is Uncle Sam),The Monitors,Urban
40384,Let's Go Steady Again,Sam Cooke,Urban
40479,Bad Eye,Willie Mitchell,Urban
40685,"Sam, You Made The Pants Too Long",Barbra Streisand,Pop
40878,He Will Break Your Heart,The Righteous Brothers,Rock
41087,Hand Jive,The Strangeloves,Rock
41483,You're Nobody Till Somebody Loves You,The Wonder Who?,Pop
41686,Love Attack,James Carr,Urban
41687,Takin' All I Can Get,Mitch Ryder And The Detroit Wheels,Rock
42087,Safe And Sound,Fontella Bass,Urban
42178,Who Do You Think You Are,The Shindogs,Pop
42185,Baby I Love You,Jimmy Holiday,Pop
42187,Day Tripper,The Vontastics,Pop
42279,Roller Coaster,The Ides Of March,Rock
42484,Function At The Junction,Shorty Long,Urban
42486,Open Up Your Door,Richard And The Young Lions,Rock
42487,The Other Side Of This Life,"Peter, Paul & Mary",Traditional
42580,Philly Dog,Herbie Mann,Jazz
42787,I Can't Give You Anything But Love,Bert Kaempfert And His Orchestra,Pop
42883,Every Day And Every Night,The Trolls,Electronica
42987,I Can Hear Music,The Ronettes Featuring Veronica,Rock
43180,It's-A-Happening,The Magic Mushrooms,Rock
43287,Help Me (Get Myself Back Together Again),The Spellbinders,Urban
43384,Behind The Door,Cher,Pop
43777,I'm Gonna Make You Mine,The Shadows Of Knight,Rock
43785,Any Way That You Want Me,Liverpool Five,Other
43786,That's The Tune,The Vogues,Rock
44886,Mellow Yellow,Senator Bobby & Senator McKinley,Rock
44985,I Want To Talk About You,Ray Charles,Urban
45278,Sing Along With Me,Tommy Roe,Rock
45287,Think,Vicki Anderson & James Brown,Urban
45381,Time Alone Will Tell,Connie Francis,Rock
45383,Make Love To Me,Johnny Thunder & Ruby Winters,Traditional
45585,Georgy Girl,Baja Marimba Band,Pop
45586,I Got What You Need,Kim Weston,Urban
45678,Daddy's Home,Chuck Jackson & Maxine Brown,Urban
45679,When Love Slips Away,Dee Dee Warwick,Urban
45683,I Believed It All,Pozo Seco Singers,Traditional
45686,When Tomorrow Comes,Carla Thomas,Urban
45781,I Can't Help It (If I'm Still In Love With You),B.J. Thomas,Rock
45784,My Old Car,Lee Dorsey,Urban
45978,"Hello, Hello",Claudine Longet,Pop
45979,That's Someone You Never Forget,Elvis Presley With The Jordanaires,Rock
46082,Why? (Am I Treated So Bad),The Staple Singers,Other
46083,Only Love Can Break A Heart,Margaret Whiting,Pop
46186,Little Miss Sunshine,Tommy Roe,Rock
46286,Two In The Afternoon,"Dino, Desi & Billy",Rock
46378,Some Kind Of Wonderful,Soul Brothers Six,Alternative & Punk
46384,The Jokers,Peter And Gordon,Rock
46385,Thread The Needle,Clarence Carter,Traditional
46485,Don't Rock The Boat,Eddie Floyd,Urban
46580,Temptation,Boots Randolph,Pop
46680,I Could Be So Happy,The Magnificent Men,Rock
46879,It's Been A Long Long Time,The Elgins,Urban
46884,Devil's Angels,Davie Allen And The Arrows,Rock
46885,Happy And Me,Don And The Goodtimes,Rock
47283,How Can You Mistreat The One You Love,Jean & The Darlings,Soundtrack
47284,Love Is A Doggone Good Thing,Eddie Floyd,Urban
47381,Paper Sun,Traffic featuring Stevie Winwood,Rock
47382,Penny Arcade,The Cyrkle,Rock
47385,There Goes The Lover,Gene Chandler,Urban
47587,Time Seller,The Spencer Davis Group,Rock
48079,Believe In Me Baby - Part I,Jesse James,Traditional
48080,"To Sir, With Love",Herbie Mann,Jazz
48387,He Ain't Give You None,Freddie Scott,Urban
49379,Hey Boy Take A Chance On Love,Ruby Andrews,Urban
49487,Keep The Ball Rollin',Al Hirt,Jazz
49785,I'm Hypnotized,Anthony & The Imperials,Rock
49985,Dear Delilah,Grapefruit,Rock
50081,(You Can't Let The Boy Overpower) The Man In You,Chuck Jackson,Urban
50383,The Inner Light,The Beatles,Rock
50681,The Shadow Of Your Love,5 Stairsteps and Cubie,Urban
50687,Louisiana Man,Bobbie Gentry,Traditional
52780,Do The Best You Can,The Hollies,Rock
52784,(I Can Feel Your Love) Slipping Away,Barbara Mason,Urban
52985,The B.B. Jones,B.B. King,Traditional
53383,Golden Gate Park,Rejoice!,Rock
53685,I Worry About You,Joe Simon,Urban
54080,Don't Be Afraid (Do As I Say),Frankie Karl & The Dreams,Alternative & Punk
54084,The Worm,Jimmy McGriff,Jazz
54482,If I Only Had Time,Nick DeCaro,Pop
54786,Saturday Night At The World,Mason Williams,Rock
54874,My World Is Empty Without You,Jose Feliciano,Other
54883,"The Tra La La Song (One Banana, Two Banana)",The Banana Splits,Other
55183,Sweeter Than Sugar,Ohio Express,Rock
55582,One Eye Open,The Maskman & The Agents,Alternative & Punk
55585,Something's On Her Mind,The 4 Seasons,Rock
55984,Home To You,Earth Opera,Traditional
56183,Turn Around And Love You,Rita Coolidge,Rock
56184,Ivory,Bob Seger System,Rock
56784,And She's Mine,Spanky And Our Gang,Rock
57083,Birds Of A Feather,Joe South,Rock
57687,Memphis Train,Buddy Miles Express,Urban
58382,All God's Children Got Soul,Dorothy Morrison,Urban
58784,That's How Heartaches Are Made,The Marvelettes,Urban
58887,St. Louis,The Easybeats,Rock
59080,No One Better Than You,Petula Clark,Rock
59187,Camel Back,A.B. Skhy,Rock
59282,Land Of 1000 Dances,The Electric Indian,Urban
59287,Big In Vegas,Buck Owens and The Buckaroos,Traditional
60084,Jesus Is Just Alright,The Byrds,Rock
60380,Rock Island Line,Johnny Cash,Traditional
60383,"Love, Peace And Happiness",Chambers Brothers,Urban
60387,Sparkle And Shine,The Clique,Rock
60886,Lay Lady Lay,Ferrante & Teicher,Pop
60887,My Soul's Got A Hole In It,Howard Tate,Urban
61087,Don't Let The Music Slip Away,Archie Bell & The Drells,Urban
61287,Darling Dear,Smokey Robinson & The Miracles,Urban
61683,You Keep Me Hangin' On/Hurt So Bad,Jackie DeShannon,Rock
61886,"Move Me, O Wondrous Music",The Ray Charles Singers,Pop
61985,If My Heart Could Speak,The Manhattans,Urban
62281,I.O.I.O.,Bee Gees,Rock
62284,Give A Woman Love,Bobbi Martin,Traditional
62882,Where Are You Going,Jerry Butler,Urban
62886,Sing Out The Love (In My Heart),Arkade,Pop
63184,Animal Zoo,Spirit,Rock
63681,The Taker,Waylon Jennings,Traditional
64481,A Womans' Way,Rozetta Johnson,Urban
65083,Solution For Pollution,Charles Wright And The Watts 103rd Street Rhythm Band,Urban
65187,San Bernadino,Christie,Rock
65783,I Can't Stop,The Osmond Brothers,Rock
65886,I Don't Know How To Love Him/Everything's Alright,The Kimberlys,Soundtrack
66180,When You Dance I Can Really Love,Neil Young,Rock
66482,Music Is Love,David Crosby,Rock
67085,Been Too Long On The Road,Mark Lindsay,Rock
67183,I'm Sorry,Bobby Bland,Traditional
67186,The Language Of Love,The Intrigues,Rock
67282,Puff Of Smoke,Roy Head,Alternative & Punk
68279,Carey,Joni Mitchell,Traditional
68286,We're Friends By Day (And Lovers By Night),Whatnauts,Urban
70280,Love And Liberty,Laura Lee,Urban
70284,You Really Got A Hold On Me,Gayle McCormick,Pop
70786,We're Together,The Hillside Singers,Pop
75582,One Of The Boys,Mott The Hoople,Rock
76684,Mr. Magic Man,Wilson Pickett,Urban
77385,I'm Leavin' You,Engelbert Humperdinck,Pop
77473,Bad Weather,The Supremes,Urban
83585,Funky Party,Clarence Reid,Urban
85283,Rock 'N' Roll (I Gave You The Best Years Of My Life),Terry Jacks,Rock
86786,Where Have They Gone,Jimmy Beaumont And The Skyliners,Rock
86982,Where Is The Love,Betty Wright,Urban
87581,Look At You,George McCrae,Electronica
87786,Remember The Rain?,The 21st Century,Urban
88182,One Man Band,Leo Sayer,Rock
88183,Two Lane Highway,Pure Prairie League,Rock
88184,Walk On By,Gloria Gaynor,Electronica
88284,Top Of The World (Make My Reservation),Canyon,Alternative & Punk
89684,Chinese Kung Fu,Banzaii,Electronica
90483,We All Gotta Stick Together,Four Tops,Urban
90583,Love Hurts,Jim Capaldi,Pop
90981,The Little Drummer Boy,Moonlion,Other
91186,I Don't Wanna Leave You,Debbie Taylor,Other
93786,Solitary Man,T.G. Sheppard,Traditional
94080,Rose Of Cimarron,Poco,Rock
94585,Roxy Roller,Sweeney Todd Featuring Bryan Guy Adams,Rock
94883,Can't You See,Waylon Jennings,Traditional
96885,Ritzy Mambo,The Salsoul Orchestra,Electronica
97279,Six Packs A Day,Billy Lemmons,Alternative & Punk
131080,Ship To Shore,Chris de Burgh,Rock
133174,Remember The Nights,The Motels,Alternative & Punk
137754,I Wanna Go Back,Billy Satellite,Rock
143451,I Need You,Maurice White,Urban
143555,In Between Days,The Cure,Alternative & Punk
148161,C'est La Vie,Robbie Nevil,Pop
148163,The Way It Is,Bruce Hornsby & The Range,Rock
148165,At This Moment,Billy Vera & The Beaters,Rock
148169,Victory,Kool & The Gang,Urban
148175,You Know I Love You ... Don't You?,Howard Jones,Alternative & Punk
148176,"The Future's So Bright, I Gotta Wear Shades",Timbuk 3,Alternative & Punk
148182,Hip To Be Square,Huey Lewis & The News,Rock
148184,Falling In Love (Uh-Oh),Gloria Estefan & Miami Sound Machine,nan
148187,We're Ready,Boston,Rock
148191,You Be Illin',Run-D.M.C.,Urban
148198,Nobody's Fool,Cinderella,Rock
148202,I'll Be Alright Without You,Journey,Rock
148208,Can't Help Falling In Love,Corey Hart,Pop
148214,Facts Of Love,Jeff Lorber & Karyn White,Jazz
148218,"Somewhere Out There (From ""An American Tail"")",Linda Ronstadt & James Ingram,Pop
148225,I'm Not Perfect (But I'm Perfect For You),Grace Jones,Alternative & Punk
148226,I'll Be Over You,Toto,Rock
148232,The Rain,Oran 'Juice' Jones,Urban
148235,Welcome To The Boomtown,David & David,Rock
148236,Goin' To The Bank,Commodores,Urban
148240,I Didn't Mean To Turn You On,Robert Palmer,Pop
148242,All Cried Out,Lisa Lisa & Cult Jam Featuring Full Force,Electronica
148243,(I Know) I'm Losing You,Uptown,Rock
148246,Coming Up Close,'Til Tuesday,Alternative & Punk
148251,Dancin' In My Sleep,Secret Ties,Alternative & Punk
149055,Hold Me,Colin James Hay,Traditional
151154,Spring Love,The Cover Girls,Electronica
151453,Into My Secret,Alisha,Electronica
152151,Dreamin',Will To Power,Pop
152152,I Don't Think That Man Should Sleep Alone,Ray Parker Jr.,Urban
152155,It's Not Over ('Til It's Over),Starship,Rock
152156,Love Power,Dionne Warwick & Jeffrey Osborne,Urban
153204,I Can't Help It,Bananarama,Alternative & Punk
153209,In God's Country,U2,Rock
153215,Lover's Lane,Georgio,Urban
153222,System Of Survival,"Earth, Wind & Fire",Urban
153223,Hot Hot Hot,Buster Poindexter & His Banshees Of Blue,Electronica
153230,Criticize,Alexander O'Neal,Urban
153239,She's Fly,Tony Terry,Urban
153242,Someone To Love Me For Me,Lisa Lisa & Cult Jam Featuring Full Force,Electronica
153243,We've Only Just Begun (The Romance Is Not Over),Glenn Jones,Urban
153244,Lonely Won't Leave Me Alone,Glenn Medeiros,Pop
153246,What's Too Much,Smokey Robinson,Urban
153247,You're All I Need,Motley Crue,Rock
153255,Don't Tell Me The Time,Martha Davis,Alternative & Punk
154727,Love Overboard,Gladys Knight And The Pips,Urban
155145,Get It,Stevie Wonder ,Urban
156153,K.I.S.S.I.N.G.,Siedah Garrett,Urban
156330,A Nightmare On My Street,D.J. Jazzy Jeff & The Fresh Prince,Urban
156339,"Don't Worry, Be Happy (From ""Cocktail"")",Bobby McFerrin,Pop
156348,Don't Be Cruel,Cheap Trick,Rock
156751,When I Fall In Love,Natalie Cole,Pop
161956,That s When I Think Of You,1927,Rock
166252,What Are You Doing With A Fool Like Me,Joe Cocker,Rock
166554,Hungry,Lita Ford,Rock
173668,Good Vibrations,Marky Mark & The Funky Bunch Featuring Loleatta Holloway,Urban
175139,You re All That Matters To Me,Curtis Stigers,Jazz
176637,Sleeping With The Lights On,Curtis Stigers,Jazz
177337,"Full Term Love (From ""Class Act"")",Monie Love,Urban
178539,Sad But True,Metallica,Rock
178839,Something Good,Utah Saints,Electronica
182736,Few And Far Between,"10,000 Maniacs",Pop
183934,Mega Medley,Zapp & Roger,Urban
184527,Mary Jane's Last Dance,Tom Petty And The Heartbreakers,Rock
184530,"I Love Music (From ""Carlito's Way"")",Rozalla,Soundtrack
189803,"Sympathy For The Devil (""Interview With The Vampire"")",Guns N  Roses,Soundtrack
189826,Don t Say Goodbye Girl,Tevin Campbell,Urban
189928,But It's Alright,Huey Lewis & The News,Rock
189932,Santa Claus Boogie,The Tractors,Rock
190038,Whoomp! (There It Went),"Tag Team, Mickey, Minnie, And Goofy",Other
190939,Release Yo' Delf,Method Man,Urban
192840,Can't Stop My Heart From Loving You (The Rain Song),Aaron Neville,Pop
193840,Girlstown,Super Cat,Other
198236,Things We Do For Love,Horace Brown,Urban
200236,That's How It Is (It's Like That),Redman Featuring K-Solo,Urban
200291,"Missing You (From ""Set It Off"")","Brandy, Tamia, Gladys Knight ",Urban
200341,That s How It Is (It s Like That),Redman Featuring K-Solo,Urban
200958,"Don t Cry For Me Argentina (From ""Evita"")",Madonna,Pop
201014,I m Not Feeling You,Yvette Michele,Urban
201135,You Don't Have To Love Me,Monifah,Urban
202837,Step Into A World (Rapture s Delight),KRS-One,Urban
202839,Feelin  It,Jay-Z,Urban
203433,"Drink, Swear, Steal ",Michael Peterson,Traditional
205628,Grandma Got Run Over By A Reindeer,Elmo & Patsy,Other
207040,Ain t That Just The Way,Lutricia McNeal,Electronica
208698,There's Your Trouble,Dixie Chicks,Traditional
209395,Jackie's Strength,Tori Amos,Alternative & Punk
209963,Trippin',Total Featuring Missy Elliott,Urban
209973,Pushin' Weight,Ice Cube Featuring Mr. Short Khop,Urban
209994,Everything's Gonna Be Alright,Sweetbox,Pop
209995,Money's Just A Touch Away,Mack 10 Featuring Gerald Levert,Urban
209997,Can't Get Enough,Willie Max Featuring Raphael Saadiq,Pop
210002,Don't Let It Go To Your Head,Brand Nubian,Urban
210018,It's The Things You Do,Five,Pop
210022,Life Ain't Easy,Cleopatra,Urban
210024,Whenever You're Near Me,Ace Of Base,Pop
210028,If I Can't Have You,L.F.O. (Lyte Funky Ones) (Featuring Kayo),Electronica
210032,Deadly Zone,Bounty Killer Featuring Mobb Deep & Rappin' Noyd,Urban
210221,(Do You) Wanna Ride,Reel Tight,Pop
210234,Only You,Tami Davis,Urban
210235,I Still Love You,Lil Suzy,Electronica
210300,Tearin  Up My Heart,N Sync,Pop
214040,Better Than Me,Terry Dexter,Urban
215715,She's All I Ever Had,Ricky Martin,Other
215734,The Dolphin's Cry,Live,Rock
215910,Deck The Halls,SHeDAISY,Traditional
215934,A Country Boy Can Survive (Y2K Version),Chad Brock With Hank Williams Jr. & George Jones,Traditional
215939,The Quittin' Kind,Joe Diffie,Traditional
218218,No Me Dejes De Querer,Gloria Estefan,Other
218481,Bye Bye Bye,'N Sync,Other
219039,Cherchez LaGhost,Ghostface Killah,Urban
220240,Toca s Miracle,Fragma,Electronica
220539,Souljas,Master P,Urban
220937,Is That Your Chick,Memphis Bleek Featuring Jay-Z ,Urban
221028,It's My Life,Bon Jovi,Rock
221206,Where Are You Christmas?,Faith Hill,Traditional
221214,Stutter,Joe,Urban
221234,Bouncing Off The Ceiling,A*Teens,Pop
221243,It Wasn't Me,"Shaggy Feat. Ricardo ""RikRok"" Ducent",Other
221259,Most Girls,P!nk,Pop
221268,What's Your Fantasy,Ludacris Featuring Shawnna,Urban
221273,My First Love,Avant Featuring KeKe Wyatt,Urban
221308,You Make Me Sick,P!nk,Pop
222840,Like Wow!,Leslie Carter,Pop
222875,Oochie Wally,QB Finest Featuring Nas And Braveheart's,Urban
223916,One Minute Man,"Missy ""Misdemeanor"" Elliott Featuring Ludacris",Urban
224319,Six Pack Summer,Phil Vassar,Traditional
226322,Never Too Far/Hero (Medley),Mariah Carey,Urban
226835,My Sweet Lord,George Harrison,Pop
227918,Oh Boy,Cam'Ron Featuring Juelz Santana,Urban
228520,Guess?,Scarface Featuring Jay-Z & Beanie Sigel,Urban
229091,A Little Less Conversation,Elvis Presley Vs JXL,Electronica
229640,Blue Jeans,Yasmeen Featuing Ghostface Killah,Urban
229734,Luv U Better,LL Cool J Featuring Marc Dorsey,Alternative & Punk
230108,Dirrty,Christina Aguilera,Pop
232290,Jenny From The Block,Jennifer Lopez Featuring Styles & Jadakiss,Pop
232640,Break You Off,The Roots Featuring Musiq,Urban
233017,Don't Wanna Try,Frankie J.,Other
233140,Yeah Yeah U Know It,Keith Murray Featuring Def Squad,Urban
234710,Light Your Ass On Fire,Busta Rhymes,Urban
235538,Sympathy For The Devil,The Rolling Stones,Rock
237736,Something Happened On The Way To Heaven,Deborah Cox,Urban
239276,Welcome Back,Mason Betha,Other
239338,Coo-Coo Chee,Ric-A-Che,Urban
240239,Storm,Lenny Kravitz Featuring Jay-Z,Urban
240770,Let's Go,Trick Daddy,Urban
240841,Whatever U Want,Christina Milian Featuring Joe Budden,Urban
242621,Goin Crazy,Natalie,Urban
242735,Down And Out,Cam'ron Featuring Kanye West & Syleena Johnson,Urban
242823,We Will Become Silhouettes,The Postal Service,Alternative & Punk
242863,Across The Universe,Various Artists,Alternative & Punk
242940,U Already Know,112,Urban
243229,Piggy Bank,50 Cent,Urban
243235,Why Do You Love Me,Garbage,Alternative & Punk
243312,Bitches Ain't S**t,Ben Folds,Pop
243323,Hollaback,Gwen Stefani,Pop
243437,So What The Fuss,Stevie Wonder,Urban
243513,Devils & Dust,Bruce Springsteen,Rock
243541,Do Somethin',Britney Spears,Pop
243726,Hello Tomorrow,Squeak E. Clean Featuring Karen O.,Urban
244738,An Honest Mistake,The Bravery,Alternative & Punk
244889,Sgt. Pepper's Lonely Hearts Club Band,Paul McCartney With U2,Pop
245341,Girl,Beck,Alternative & Punk
245431,Nada Es Para Siempre,Luis Fonsi,Other
245733,Outta Control,50 Cent,Urban
245933,Who Did You Think I Was,John Mayer Trio,Traditional
245936,Good Times,Tommy Lee,Alternative & Punk
246239,Juicebox,The Strokes,Alternative & Punk
246337,And I,Ciara,Urban
247038,Ella Y Yo,Aventura Featuring Don Omar,Traditional
247041,Welcome 2 Detroit,Trick-Trick Featuring Eminem,Urban
247119,Amor Eterno,Christian Castro,Other
247425,The Ghost Of You,My Chemical Romance,Alternative & Punk
247769,Start Of Something New,Zac Efron & Vanessa Anne Hudgens,Other
247776,What I've Been Looking For,Lucas Gabreel & Ashley Tisdale,Soundtrack
247803,Bop To The Top,Lucas Gabreel & Ashley Tisdale,Soundtrack
247808,What I've Been Looking For (Reprise),Zac Efron & Vanessa Anne Hudgens,Soundtrack
247813,When There Was Me And You,Vanessa Anne Hudgens,Soundtrack
247928,Bop To The Top,Lucas Grabeel & Ashley Tisdale,Soundtrack
248010,In The Sun,Michael Stipe,Alternative & Punk
248093,Cowboys Are Frequently Secretly (Fond Of Each Other),Willie Nelson,Traditional
248201,Black Sweat,Prince,Urban
248405,In The Deep,Bird York,Pop
248641,Llame Pa' Verte,Wisin & Yandel,Other
248735,Lo Que Me Gusta A Mi,Juanes,Other
248797,Every Day Is Exactly The Same,Nine Inch Nails,Alternative & Punk
248940,Save The Last Dance For Me,Michael Buble,Pop
249312,Buttons,The Pussycat Dolls Featuring Big Snoop Dogg,Urban
249438,I Am Not My Hair,India.Arie,Urban
249439,Snow (Hey Oh),Red Hot Chili Peppers,Alternative & Punk
249627,One,Mary J. Blige And U2,Urban
249741,High,James Blunt,Pop
249840,Ghetto Story,Cham,Other
250132,Bojangles,Pitbull,Urban
250141,Saving Grace,Tom Petty,Rock
250819,Ride For You,Danity Kane,Pop
250836,Morris Brown,OutKast Featuring Scar & Sleepy Brown,Urban
250941,Idlewild Blue (Don'tchu Worry 'Bout Me),OutKast,Urban
251240,Superman,Brown Boy,Urban
251269,White & Nerdy,"""Weird Al"" Yankovic",Other
251619,The Pick Of Destiny,Tenacious D,Other
251708,I Got Nerve,Hannah Montana,Other
251722,Pumpin' Up The Party,Hannah Montana,Other
251725,The Other Side Of Me,Hannah Montana,Other
251729,Our Country,John Mellencamp,Rock
251730,This Is The Life,Hannah Montana,Other
251740,Just Like You,Hannah Montana,Other
251835,Change Me,Ruben Studdard,Urban
251837,Crash Here Tonight,Toby Keith,Traditional
251841,Tengo Un Amor,Toby Love Featuring Rakim & Ken-Y,Traditional
251938,High School Never Ends,Bowling For Soup,Alternative & Punk
251941,A La Primera Persona,Alejandro Sanz,Other
252030,When Your Heart Stops Beating,(+44),Alternative & Punk
252137,Greatest Time Of Year,Aly & AJ,Pop
252139,Kingdom Come,Jay-Z,Urban
252225,Ser O Parecer,RBD,Other
252226,Dangerous,Ying Yang Twins Featuring Wyclef,Urban
252422,The Carpal Tunnel Of Love,Fall Out Boy,Alternative & Punk
252436,I'll Be Home For Christmas,Josh Groban,Classical
252833,Mr. Jones,Mike Jones,Urban
253027,Phantom Limb,The Shins,Alternative & Punk
253124,Crazy Car,The Naked Brothers Band,Other
253219,Not Fade Away,Sheryl Crow,Rock
253331,I'm A Flirt,Bow Wow Or R. Kelly (Featuring T.I. & T-Pain),Urban
253413,Break 'Em Off,Paul Wall Featuring Lil' KeKe,Urban
253431,Keep Your Mind Wide Open,AnnaSophia Robb,Alternative & Punk
253502,Movin' On,Elliott Yamin,Urban
253515,The Neighbor,Dixie Chicks,Traditional
253530,Freak On A Leash (Unplugged),Korn Featuring Amy Lee,Rock
253709,Survivalism,Nine Inch Nails,Alternative & Punk
253824,Tell Me 'Bout It,Joss Stone,Pop
253933,Love Today,MIKA,Alternative & Punk
254024,Diamonds,Fabolous Featuring Young Jeezy,Urban
254032,Release,Timbaland Featuring Justin Timberlake,Electronica
254116,The Story,Brandi Carlile,Alternative & Punk
254125,Earth Intruders,Bjork,Alternative & Punk
254127,Que Hiciste,Jennifer Lopez,Pop
254235,A Feelin' Like That,Gary Allan,Traditional
254334,I Don't Need A Man,The Pussycat Dolls,Pop
254434,Lean Like A Cholo,Down AKA Kilo,Urban
254524,Vulnerable,Secondhand Serenade,Alternative & Punk
254640,Given Up,Linkin Park,Rock
254721,I Who Have Nothing,Jordin Sparks,Pop
254740,Time Of The Season,Blake Lewis,Pop
254797,Beautiful Flower,India.Arie,Urban
255138,Doomsday Clock,The Smashing Pumpkins,Alternative & Punk
255233,Make Some Noise,Hannah Montana,Other
255240,True Friend,Hannah Montana,Other
255538,Stranger,Hilary Duff,Pop
255879,You Are The Music In Me,Zac Efron And Vanessa Anne Hudgens,Other
255901,Gotta Go My Own Way,Zac Efron And Vanessa Anne Hudgens,Other
255931,Everyday,Zac Efron And Vanessa Anne Hudgens,Soundtrack
256006,Everyday,Zac Efron/Vanessa Anne Hudgens,Soundtrack
256017,Fabulous,Ashley Tisdale And Lucas Grabeel,Soundtrack
256119,Coffee Shop,Yung Joc Featuring Gorilla Zoe,Urban
256239,You Are The Music In Me,Zac Efron & Vanessa Anne Hudgens,Other
256329,Do It,Nelly Furtado,Pop
256714,Whine Up,Kat DeLuna Featuring Elephant Man,Urban
256809,Shadowplay,The Killers,Alternative & Punk
256938,Empty Walls,Serj Tankian,Rock
257131,Headlines (Friendship Never Ends),Spice Girls,Pop
257238,Calabria,Enur Featuring Natasja,Electronica
257336,Hot,Avril Lavigne,Pop
257436,Still Will,50 Cent Featuring Akon,Urban
257731,Do You Hear What I Hear,Carrie Underwood,Traditional
257840,Citizen Soldier,3 Doors Down,Alternative & Punk
257841,Leave It All To Me (iCarly Theme Song),Miranda Cosgrove Featuring Drake Bell,Pop
257931,Our Time Now,Plain White T's,Alternative & Punk
257937,Citizen/Soldier,3 Doors Down,Alternative & Punk
258136,Girls In Their Summer Clothes,Bruce Springsteen,Rock
258239,Kindly Unspoken,Kate Voegele,Pop
258338,I'm Me,Lil Wayne,Urban
258511,The Prayer (Live),Celine Dion & Josh Groban,Pop
258633,Shawty Get Loose,Lil Mama Featuring Chris Brown,Urban
258636,Shake Your Pom Pom,Missy Elliott,Urban
259029,Going On,Gnarls Barkley,Urban
259178,Nude,Radiohead,Alternative & Punk
259226,Supernatural Superserious,R.E.M.,Rock
259237,Things That Never Cross A Man's Mind,Kellie Pickler,Traditional
259238,Lost,Michael Buble,Pop
259284,Shout To The Lord,American Idol Top 8,Pop
259321,Many Rivers To Cross,Annie Lennox,Pop
259433,Migrate,Mariah Carey Featuring T-Pain,Urban
259520,"Love In This Club, Part II",Usher Featurnig Beyonce & Lil Wayne,Urban
259536,I Like The Way She Do It,G Unit,Urban
259537,Little Miss Obsessive,Ashlee Simpson With Tom Higgenson,Pop
259598,Give It 2 Me,Madonna,Pop
259606,We Made It,Busta Rhymes Featuring Linkin Park,Urban
259629,Sweet And Low,Augustana,Rock
259637,Dreams Collide,Colbie Caillat,Pop
259809,Hallelujah,Kate Voegele,Pop
259823,Lucky,Jason Mraz Featuring Colbie Caillat,Pop
259869,The World I Know,David Cook,Rock
259877,Imagine,David Archuleta,Pop
259883,I Don't Want To Miss A Thing,David Cook,Rock
259888,Billie Jean,David Cook,Rock
259899,Don't Let The Sun Go Down On Me,David Archuleta,Pop
259901,In This Moment,David Archuleta,Pop
259908,Always Be My Baby,David Cook,Rock
259914,Hello,David Cook,Rock
259918,The Music Of The Night,David Cook,Rock
259933,Eleanor Rigby,David Cook,Rock
259940,I'm Alive,David Cook,Rock
260039,Love Is Gone,David Guetta & Chris Willis,Pop
260113,Indestructible,Disturbed,Rock
260122,You Ain't Got Nuthin,Lil Wayne Featuring Juelz Santana & Fabolous,Urban
260207,3 Peat,Lil Wayne,Urban
260219,Body On Me,Nelly Featuring Akon & Ashanti,Urban
260235,Coconut Juice,Tyga Featuring Travis McCoy,Urban
260479,Out Here Grindin,"DJ Khaled Featuring Akon, Rick Ross, Young Jeezy, Lil' Boosie, Trick Daddy, Ace Hood & Pli",Urban
260529,Sneakernight,Vanessa Hudgens,Pop
260631,Stepped On My J'z,Nelly Featuring Ciara & JD,Urban
260738,Hero,Nas Featuring Keri Hilson,Urban
260840,Mamma Mia,Meryl Streep,Soundtrack
260952,A Little Bit Longer,Jonas Brothers,Pop
261020,What If It All Goes Right,Melissa Lawson,Traditional
261129,BB Good,Jonas Brothers,Pop
261133,Real,Goo Goo Dolls,Rock
261137,Warrior,Nelly,Urban
261139,Something Special,Colbie Caillat,Pop
261308,My Apocalypse,Metallica,Rock
261391,Cyanide,Metallica,Rock
261425,"What Up, What's Haapnin'",T.I.,Urban
261698,Ready For Whatever,T.I.,Urban
261741,On The Line,Demi Lovato Featuring Jonas Brothers,Other
261819,Go Girl,Ciara Featuring T-Pain,Urban
261915,Headfirst Slide Into Cooperstown On A Bad Bet,Fall Out Boy,Alternative & Punk
261934,The Shock Of The Lightning,Oasis,Alternative & Punk
262026,Cuddy Buddy,"Mike Jones Featuring Trey Songz, Lil Wayne & Twista",Urban
262031,You Are The Best Thing,Ray LaMontagne,Alternative & Punk
262032,Be OK,Ingrid Michaelson,Pop
262035,"What A Catch, Donnie",Fall Out Boy,Alternative & Punk
262132,Lloro Por Ti,Enrique Iglesias,Other
262230,Angels,David Archuleta,Pop
262237,Something In Your Mouth,Nickelback,Alternative & Punk
262240,Dont Trust Me,3OH!3,Alternative & Punk
262308,Spaceman,The Killers,Alternative & Punk
262337,Too Drunk...,Buckcherry,Alternative & Punk
262413,The Way I Loved You,Taylor Swift,Pop
262428,Breathe,Taylor Swift,Pop
262435,Hey Stephen,Taylor Swift,Pop
262438,Troublemaker,Akon & Sweet Rush,Other
262531,Ride,Ace Hood Featuring Trey Songz,Urban
262606,Last Of A Dying Breed,Ludacris Co-Starring Lil Wayne,Urban
262711,Shattered Glass,Britney Spears,Pop
262922,RUN,Leona Lewis,Urban
263013,J**z In My Pants,The Lonely Island,Urban
263216,Pen & Paper,The Red Jumpsuit Apparatus,Alternative & Punk
263408,At Last,Beyonce,Urban
263611,Absolute,The Fray,Rock
263620,Top Of The World,The Pussycat Dolls,Pop
263636,Working On A Dream,Bruce Springsteen,Rock
263742,Right Round,Flo Rida Featuring Ke$ha,Urban
263836,Break My Heart,Spectacular! Cast,Pop
263841,Jai Ho! (You Are My Destiny),A.R. Rahman & The Pussycat Dolls Featuring Nicole Scherzinger,Pop
263888,Hold Up My Heart,Brooke White,Pop
263898,Shone,Flo Rida Featuring Pleasure P,Urban
263925,Love Is On Its Way,Jonas Brothers,Pop
263934,O...Saya,M.I.A. & A R Rahman,Soundtrack
264020,Magnificent,U2,Rock
264137,"Want It, Need It",Plies Featuring Ashanti,Urban
264194,Forever,Rascal Flatts,Traditional
264300,Love Who You Love,Rascal Flatts,Traditional
264426,Things That Matter,Rascal Flatts,Traditional
264633,Panic Switch,Silversun Pickups,Alternative & Punk
264640,"It's Alright, It's OK",Ashley Tisdale,Pop
264733,Maybach Music 2,"Rick Ross Featuring Kanye West, T-Pain, Lil' Wayne",Urban
264736,Lark On My Go-Kart,Asher Roth,Urban
264773,3am,Eminem,Urban
264819,America's Suitehearts,Fall Out Boy,Alternative & Punk
265020,Heartless,The Fray,Rock
265085,Note To God,Charice,Pop
265097,A Change Is Gonna Come,Adam Lambert,Pop
265107,Apologize,Kris Allen,Pop
265123,One,Adam Lambert,Pop
265126,Insane,Eminem,Urban
265135,Falling Slowly,Kris Allen,Pop
265139,Rehab,Glee Cast,Pop
265228,Wetter,Twista,Urban
265508,Damned If I Do Ya (Damned If I Don't),All Time Low,Alternative & Punk
265524,Fly With Me,Jonas Brothers,Pop
265723,One And The Same,Selena Gomez & Demi Lovato,Pop
265808,Ignorance,Paramore,Alternative & Punk
265815,I Wanna Know You,Hannah Montana Featuring David Archuleta,Other
265828,Ice Cream Freeze (Let's Chill),Hannah Montana,Other
265834,Shining Down,Lupe Fiasco Featuring Matthew Santos,Urban
265921,Come Home,OneRepublic With Sara Bareilles,Pop
265933,If It Kills Me,Jason Mraz,Pop
265936,You Don't Belong,Daughtry,Alternative & Punk
266030,Catch Me,Demi Lovato,Pop
266034,Too Many Rappers,Beastie Boys Featuring Nas,Urban
266134,Sooner Or Later,Michelle Branch,Pop
266138,I Just Call You Mine,Martina McBride,Traditional
266212,Celebration,Madonna,Pop
266233,Digital Girl,"Jamie Foxx Featuring Drake, Kanye West & The-Dream",Urban
266436,Starstrukk,3OH!3,Alternative & Punk
266514,Overcome,Creed,Alternative & Punk
266540,Chillin,Wale Featuring Lady Gaga,Pop
266541,Awake And Alive,Skillet,Other
266636,Wasted,Gucci Mane Featuring Plies,Urban
266641,Million Dollar Bill,Whitney Houston,Urban
266687,Take A Bow,Glee Cast,Pop
266912,Taking Chances,Glee Cast,Pop
266992,Alone,Glee Cast,Pop
267019,Careful,Paramore,Alternative & Punk
267029,Maybe This Time,Glee Cast,Pop
267197,Keep Holding On,Glee Cast,Pop
267206,No Air,Glee Cast,Pop
267217,Nobody,Wonder Girls,Pop
267224,Chances,Five For Fighting,Pop
267240,Notion,Kings Of Leon,Alternative & Punk
267275,Sweet Caroline,Glee Cast Featuring Mark Salling,Pop
267291,Time For Miracles,Adam Lambert,Pop
267321,Take Your Shirt Off,T-Pain,Urban
267334,Bust A Move,Glee Cast Featuring Matthew Morrison,Pop
267367,Superstar,Taylor Swift,Pop
267371,Come In With The Rain,Taylor Swift,Pop
267440,I Get It In,Omarion Featuring Gucci MAne,Urban
267629,Whatever You Like,Anya Marina,Alternative & Punk
267641,Undertow,Timbaland Featuring The Fray & Esthero,Rock
267691,Lean On Me,Glee Cast Featuring Kevin McHale & Amber Riley,Pop
267705,Don't Stand So Close To Me / Young Girl,Glee Cast Featuring Matthew Morrison,Pop
267714,I'll Stand By You,Glee Cast Featuring Cory Monteith,Pop
267719,Endless Love,Glee Cast Featuring Matthew Morrison & Lea Michele,Pop
267720,Down To Earth,Justin Bieber,Pop
267735,Bigger,Justin Bieber,Pop
267738,The Invitation,50 Cent,Urban
267740,First Dance,Justin Bieber Featuring Usher,Pop
267803,I Dreamed A Dream,Susan Boyle,Classical
267807,True Colors,Glee Cast Featuring Jenna Ushkowitz,Pop
267808,Imagine,"Glee Cast Featuring Amber Riley, Kevin McHale, Cory Monteith & Lea Michele",Pop
267835,Speechless,Lady Gaga Featuring Space Cowboy & Flo Rida,Pop
267836,It's Your Life,Francesca Battistelli,Other
267839,Wild Horses,Susan Boyle,Classical
267881,Say Aah,Trey Songz Featruing Fabolous,Urban
267992,My Life Would Suck Without You,"Glee Cast Featuring Lea Michele, Cory Monteith, Jenna Ushkowitz & Amber Riley",Pop
267994,Don't Rain On My Parade,Glee Cast Featuring Lea Michele,Pop
268012,You Can't Always Get What You Want,"Glee Cast Featuring Lea Michele, Cory Monteith, Kevin McHale & Amber Riley",Pop
268013,This Is War,Thirty Seconds To Mars,Alternative & Punk
268029,What I Do,Chris Brown Featuring Plies,Urban
268035,And I Am Telling You I'm Not Going,Glee Cast Featuring Amber Riley,Pop
268041,Twang,George Strait,Traditional
268070,Hell Breaks Loose,Eminem Featuring Dr. Dre,Urban
268096,Empire State Of Mind (Part II) Broken Down,Alicia Keys,Urban
268108,Elevator,Eminem,Urban
268223,Music Box,Eminem,Urban
268434,Love This Pain,Lady Antebellum,Traditional
268513,Ready To Love Again,Lady Antebellum,Traditional
268622,Redemption Song,Rihanna,Urban
268688,Lean On Me,"Sheryl Crow, Kid Rock & Keith Urban",Pop
268713,Breathless,Taylor Swift,Pop
268733,My City Of Ruins (Live From The Kennedy Center Honors),Eddie Vedder,Rock
268739,Let It Be,Jennifer Hudson Featuring The Roots,Pop
268740,Hurry Home,Jason Michael Carroll,Traditional
268816,Bridge Over Troubled Water,Mary J. Blige & Andrea Bocelli,Other
268817,F**k Today,Lil Wayne Featuring Gudda,Urban
268832,American Star,Lil Wayne Featuring Shanell AKA SNL,Urban
268838,Major Tom,Shiny Toy Guns,Alternative & Punk
268998,Hero,Christopher Wilde,Classical
269002,Hallelujah (Vancouver Winter 2010 Version),k.d. lang,Pop
269018,StarStruck,Christopher Wilde,Other
269022,Something About The Sunshine,Christopher Wilde & Anna Margaret,Other
269041,Up Out My Face,Mariah Carey Featuring Nicki Minaj,Urban
269223,My Best Days Are Ahead Of Me,Danny Gokey,Other
269331,Driving Me Crazy,Sam Adams,Urban
269336,Ooh Baby,Mario,Urban
269425,Make A Wave,Disney's Friends For Change,Pop
269516,Reverse Cowgirl,T-Pain,Urban
269533,That Should Be Me,Justin Bieber,Pop
269708,Don't Let Me Fall,B.o.B,Urban
269776,Hello,Glee Cast Featuring Jonathan Groff & Lea Michele,Soundtrack
269790,Hello Goodbye,"Glee Cast Featuring Lea Michele, Cory Monteith & Amber Riley",Pop
269807,"Hello, I Love You",Glee Cast,Pop
269913,Bet I,B.o.B Featuring T.I. & Playboy Tre,Urban
269919,Borderline / Open Your Heart,Glee Cast Featuring Lea Michele & Cory Monteith,Pop
269928,Like A Virgin,"Glee Cast Feat. Matthew Morrison, Jayma Mayes, Naya Rivera, Cory Monteith & Lea Michele",Pop
269930,4 Minutes,Glee Cast Featuring Chris Colfer & Amber Riley,Pop
269932,Still,Tim McGraw,Traditional
269994,One Less Bell To Answer / A House Is Not A Home,Glee Cast Featuring Kristin Chenoweth,Pop
270002,Beautiful,Glee Cast,Pop
270005,Fire,Glee Cast Featuring Kristin Chenoweth,Pop
270011,A House Is Not A Home,Glee Cast,Pop
270026,Cooler Than Me,Mike Posner Featuring Big Sean,Pop
270031,Home,Glee Cast Featuring Kristin Chenoweth,Pop
270034,Halfway There,Big Time Rush,Pop
270041,New Morning,Alpha Rev,Rock
270102,Run Joey Run,Glee Cast Featuring Jonathan Groff,Pop
270115,Ice Ice Baby,Glee Cast,Pop
270130,Physical,Glee Cast Featuring Olivia Newton-John,Pop
270133,U Can't Touch This,Glee Cast,Pop
270140,All Or Nothing,Theory Of A Deadman,Alternative & Punk
270201,One,Glee Cast,Pop
270217,The Boy Is Mine,Glee Cast,Pop
270222,Lady Is A Tramp,Glee Cast,Pop
270223,I'm Single,Lil Wayne,Urban
270234,Rose's Turn,Glee Cast,Pop
270318,Neutron Star Collision (Love Is Forever),Muse,Alternative & Punk
270320,WooHoo,Christina Aguilera Featuring Nicki Minaj,Pop
270322,Safety Dance,Glee Cast,Pop
270398,Up To The Mountain,Crystal Bowersox,Pop
270413,Beth,Glee Cast,Pop
270422,Leave Right Now,Will Young,Pop
270429,The Boxer,Lee DeWyze,Pop
270434,Who Dat,J. Cole,Urban
270441,Super High,Rick Ross Featuring Ne-Yo,Urban
270510,Good Vibrations,Glee Cast,Pop
270516,Deja Vu,3OH!3,Alternative & Punk
270520,Another One Bites The Dust,Glee Cast,Pop
270528,Tell Me Something Good,Glee Cast,Pop
270534,Loser,Glee Cast,Pop
270536,"It's A Man's, Man's Man's World",Glee Cast,Pop
270537,Dirty Picture,Taio Cruz Featuring Ke$ha,Pop
270578,Faithfully,Glee Cast,Pop
270585,Over The Rainbow,Glee Cast,Pop
270599,Any Way You Want It/Lovin' Touchin' Squeezin',Glee Cast,Pop
270607,Bionic,Christina Aguilera,Pop
270616,To Sir With Love,Glee Cast,Pop
270625,Bohemian Rhapsody,Glee Cast Featuring Jonathan Groff,Pop
270640,Woohoo,Christina Aguilera Featuring Nicki Minaj,Pop
270698,9 AM In Dallas,Drake,Urban
270712,Fireworks,Drake Featuring Alicia Keys,Urban
270722,Another Way To Die,Disturbed,Rock
270736,Finding My Way Back,Jaheim,Urban
270803,Won't Back Down,Eminem Featuring Pink,Urban
270812,Cold Wind Blows,Eminem,Urban
270816,Stay,Miley Cyrus,Pop
270829,Talkin' 2 Myself,Eminem Featuring Kobe,Urban
270833,25 To Life,Eminem,Urban
270863,Power,Kanye West Featuring Dwele,Pop
270925,Outta Your Mind,Lil Jon Featuring LMFAO,Urban
270941,I Can Do Anything,3OH!3,Alternative & Punk
271040,Up On The Ridge,Dierks Bentley,Traditional
271320,G.R.I.N.D. (Get Ready It's A New Day),Asher Roth,Urban
271338,The Crow And The Butterfly,Shinedown,Alternative & Punk
271394,Not Like The Movies,Katy Perry,Pop
271499,Circle The Drain,Katy Perry,Pop
271583,E.T.,Katy Perry,Pop
271627,Give A Little More,Maroon 5,Pop
271637,Black Rain,Soundgarden,Alternative & Punk
271737,F**k You!,Cee Lo Green,Urban
271925,Dumb Love,Sean Kingston,Pop
271933,Introducing Me,Nick Jonas,Pop
272064,Telephone,Glee Cast,Pop
272069,Billionaire,Glee Cast,Pop
272079,Listen,Glee Cast,Pop
272092,What I Did For Love,Glee Cast,Pop
272125,Stutter,Maroon 5,Pop
272157,Toxic,Glee Cast,Pop
272167,The Only Exception,Glee Cast,Pop
272183,What's Wrong With Them,Lil Wayne Featuring Nicki Minaj,Urban
272193,I'm A Slave 4 U,Glee Cast,Pop
272194,Stronger,Glee Cast,Pop
272195,Baby One More Time,Glee Cast,Pop
272197,Me Against The Music,Glee Cast,Pop
272206,I Am Not A Human Being,Lil Wayne,Urban
272216,Bill Gates,Lil Wayne,Urban
272218,Na Na Na (Na Na Na Na Na Na Na Na Na),My Chemical Romance,Alternative & Punk
272229,Hope She Cheats On You (With A Basketball Player),Marsha Ambrosius,Urban
272277,I Want To Hold Your Hand,Glee Cast,Pop
272278,One Of Us,Glee Cast,Pop
272291,Only The Good Die Young,Glee Cast,Pop
272301,Losing My Religion,Glee Cast,Pop
272306,Papa Can You Hear Me?,Glee Cast,Pop
272314,Bridge Over Troubled Water,Glee Cast,Pop
272315,I Look To You,Glee Cast,Pop
272332,Like We Used To,A Rocket To The Moon,Rock
272339,Loca,Shakira Featuring El Cata,Other
272368,Lucky,Glee Cast,Pop
272382,"River Deep, Mountain High",Glee Cast,Pop
272389,Happy Days Are Here Again / Get Happy,Glee Cast,Pop
272391,Don't Go Breaking My Heart,Glee Cast,Pop
272395,Move That Body,Nelly Featuring T-Pain & Akon,Urban
272428,Sing!,Glee Cast,Pop
272435,Le Jazz Hot,Glee Cast,Pop
272507,Gonna Get This,Hannah Montana Featuring Iyaz,Pop
272523,The End,Kings Of Leon,Alternative & Punk
272530,Rap Song,T-Pain Featuring Rick Ross,Urban
272568,Innocent,Taylor Swift,Pop
272595,Dear John,Taylor Swift,Pop
272597,Better Than Revenge,Taylor Swift,Pop
272612,Last Kiss,Taylor Swift,Pop
272616,Enchanted,Taylor Swift,Pop
272618,Mr. Rager,Kid Cudi,Urban
272625,Never Grow Up,Taylor Swift,Pop
272626,Long Live,Taylor Swift,Pop
272630,Time Warp,Glee Cast,Pop
272692,Sleazy,Ke$ha,Pop
272711,Get Back Up,T.I. Featuring Chris Brown,Urban
272715,Lo Mejor De Mi Vida Eres Tu/The Best Thing About Me Is You,Ricky Martin Featuring Natalia Jimenez,Other
272739,The Big Bang,RockMafia,Alternative & Punk
272772,Start Me Up / Livin' On A Prayer,Glee Cast,Pop
272779,Stop! In The Name Of Love / Free Your Mind,Glee Cast,Pop
272782,One Love (People Get Ready),Glee Cast,Pop
272795,Marijuana,Kid Cudi,Urban
272818,Cannibal,Ke$ha,Pop
272833,Scott Mescudi Vs. The World,Kid Cudi Featuring Cee-Lo,Urban
272916,Liv Tonight,Nelly Featuring Keri Hilson,Urban
272939,Turn Around (5 4 3 2 1),Flo Rida,Urban
272981,Just The Way You Are,Glee Cast,Pop
273001,Dark Fantasy,"Kanye West Featuring Teyana Taylor, Nicki Minaj & Bon Iver",Urban
273011,Show Me How You Burlesque,Christina Aguilera,Pop
273034,Crazy Beautiful Life,Ke$ha,Pop
273063,Dog Days Are Over,Glee Cast,Pop
273070,"Hey, Soul Sister",Glee Cast,Pop
273079,(I've Had) The Time Of My Life,Glee Cast,Pop
273095,Valerie,Glee Cast,Pop
273120,Boots,The Killers,Alternative & Punk
273138,Don't Cry For Me Argentina (Lea Michele Version),Glee Cast,Pop
273200,Welcome Christmas,Glee Cast,Pop
273334,When A Woman Loves,R. Kelly,Urban
273341,Oh Santa!,Mariah Carey,Urban
273407,Hit It Again,3OH!3,Urban
273426,I Am The Champion,B.o.B,Urban
273440,Shake Up Christmas,Train,Rock
273520,Big Night,Big Time Rush,Pop
273835,Stay The Night,James Blunt,Pop
273841,"For You, And Your Denial",Yellowcard,Alternative & Punk
273930,Help Is On The Way,Rise Against,Rock
274022,When You're Young,3 Doors Down,Alternative & Punk
274023,The Creep,The Lonely Island Featuring Nicki Minaj,Other
274030,The Ballad Of Mona Lisa,Panic! At The Disco,Alternative & Punk
274041,Lo Mejor De Mi Vida Eres Tu,Ricky Martin Featuring Natalia Jimenez,Other
274086,Silly Love Songs,Glee Cast,Pop
274088,When I Get You Alone,Glee Cast,Pop
274097,Fat Bottomed Girls,Glee Cast,Pop
274099,P.Y.T. (Pretty Young Thing),Glee Cast,Pop
274116,I Won't Give Up,Jana Kramer,Traditional
274128,She's Not There,Glee Cast,Pop
274130,Words I Never Said,Lupe Fiasco Featuring Skylar Grey,Urban
274188,Baby,Glee Cast,Pop
274190,Sing,Glee Cast,Pop
274192,Take Me Or Leave Me,Glee Cast,Pop
274215,Born To Be Somebody,Justin Bieber,Pop
274290,Don't You Want Me,Glee Cast,Pop
274296,Blame It (On The Alcohol),Glee Cast,Pop
274302,Tik Tok,Glee Cast,Pop
274418,Twisted,Gorilla Zoe Featuring Lil Jon,Urban
274424,What Are Words,Chris Medina,Pop
274440,21st Century Girl,Willow,Pop
274498,Do You Wanna Touch Me (Oh Yeah),Glee Cast Featuring Gwyneth Paltrow,Pop
274503,Animal,Glee Cast,Pop
274507,The Race,Wiz Khalifa,Urban
274511,Beautiful Lasers (2 Ways),Lupe Fiasco Featuring MDMA,Urban
274524,Kiss,Glee Cast,Pop
274577,Raise Your Glass,Glee Cast,Pop
274578,Blackbird,Glee Cast,Pop
274593,Misery,Glee Cast,Pop
274594,Hell To The No,Glee Cast,Pop
274612,Candles,Glee Cast,Pop
274641,Dancing Crazy,Miranda Cosgrove,Pop
274738,F**k Him He's A DJ,Ke$ha,Pop
274810,The Story,Sara Ramirez,Pop
274942,S&M,Rihanna Featuring Britney Spears,Pop
275003,Red Nation,Game Featuring Lil Wayne,Urban
275107,Turning Tables,Glee Cast Featuring Gwyneth Paltrow,Pop
275128,All By Myself,Glee Cast,Pop
275129,Breakthrough,"Bridgit Mendler, Adam Hicks, Naomi Scott & Hayley Kiyoko",Soundtrack
275130,Somebody,Bridgit Mendler,Soundtrack
275144,Till The World Ends,Britney Spears Featuring Nicki Minaj & Ke$ha,Urban
275183,Somewhere Only We Know,Glee Cast,Pop
275185,Born This Way,Glee Cast,Pop
275206,Time After Time,Javier Colon,Urban
275221,As If We Never Said Goodbye,Glee Cast,Pop
275230,Barbra Streisand,Duck Sauce,Electronica
275286,Go Your Own Way,Glee Cast,Pop
275309,Songbird,Glee Cast,Pop
275311,Not Ready To Die,Avenged Sevenfold,Rock
275320,Don't Stop,Glee Cast,Pop
275322,Never Going Back Again,Glee Cast,Pop
275333,Dreams,Glee Cast Featuring Kristin Chenoweth,Pop
275340,Closer To The Edge,Thirty Seconds To Mars,Alternative & Punk
275390,Jar Of Hearts,Glee Cast,Pop
275406,Isn't She Lovely,Glee Cast,Pop
275413,I'm Not Gonna Teach Your Boyfriend To Dance With You,Glee Cast,Pop
275415,Dancing Queen,Glee Cast,Pop
275423,I Am Woman,Jordin Sparks,Pop
275453,Hair,Lady Gaga,Pop
275500,Pure Imagination,Glee Cast,Pop
275523,Back To Black,Glee Cast,Pop
275535,My Man,Glee Cast,Pop
275536,Look It Up,Ashton Shepherd,Traditional
275574,Light Up The World,Glee Cast,Pop
275581,Pretending,Glee Cast,Pop
275599,For Good,Glee Cast,Pop
275615,Rise Above 1,Reeve Carney Featuring Bono & The Edge,Soundtrack
275622,"I Love New York / New York, New York",Glee Cast,Pop
275634,As Long As You're There,Glee Cast,Pop
275738,Cat Daddy,Rej3ctz,Urban
275814,Pause,Pitbull,Urban
275835,Bang Bang Bang,Selena Gomez & The Scene,Pop
275838,You,Romeo Santos,Traditional
275841,Teenage Daughters,Martina McBride,Traditional
275848,Dirt Road Anthem,Jason Aldean Featuring Ludacris,Traditional
275905,Angel,Javier Colon,Urban
275907,Today Is Your Day,Shania Twain,Traditional
275917,Jolene,Vicci Martinez,Pop
275931,Black Horse And The Cherry Tree,Casey Weston,Traditional
275933,See No More,Joe Jonas,Pop
275937,Take Over Control,AfroJack Featuring Eva Simons,Electronica
275940,Price Tag,Xenia,Pop
276009,Dog Days Are Over,Vicci Martinez,Pop
276033,The Man Who Can't Be Moved,Xenia,Pop
276038,So In Love,Jill Scott Featuring Anthony Hamilton,Urban
276061,Inventing Shadows,Dia Frampton,Pop
276086,Man In The Mirror,Adam Levine & Javier Colon,Pop
276098,I Won't Back Down,Blake Shelton & Dia Frampton,Pop
276111,Little Bad Girl,David Guetta Featuring Taio Cruz & Ludacris,Urban
276115,Beautiful,Christina Aguilera & Beverly McClellan,Pop
276119,Afraid To Sleep,Vicci Martinez,Pop
276131,Moving To Mars,Coldplay,Alternative & Punk
276133,Major Minus,Coldplay,Alternative & Punk
276135,Pretty Girls,Iyaz,Urban
276139,High,Big Sean Featuring Wiz Khalifa,Urban
276233,I Wouldn't Be A Man,Josh Turner,Traditional
276238,Taboo,Don Omar,Other
276318,What If,Colbie Caillat,Pop
276409,Marvin's Room,Drake,Urban
276428,Outlaw,50 Cent,Urban
276618,Under And Over It,Five Finger Death Punch,Rock
276628,Ships In The Night,Mat Kearney,Pop
276709,What You Want,Evanescence,Rock
276719,We Don't Get Down Like Y'all,T.I. Featuring B.o.B.,Urban
276827,Don't Hold Your Breath,Nicole Scherzinger,Pop
276922,Night Of Your Life,David Guetta Featuring Jennifer Hudson,Pop
276932,What The Water Gave Me,Florence + The Machine,Alternative & Punk
276941,Martians Vs Goblins,Game,Urban
276993,MegaMan,Lil Wayne,Urban
277006,My Body,Young The Giant,Alternative & Punk
277020,It's Good,Lil Wayne Featuring Drake & Jadakiss,Urban
277025,How To Hate,Lil Wayne Featuring T-Pain,Urban
277031,Nightmares Of The Bottom,Lil Wayne,Urban
277035,President Carter,Lil Wayne,Urban
277036,So Special,Lil Wayne Featuring John Legend,Urban
277128,Disaster,JoJo,Pop
277228,Body And Soul,Tony Bennett & Amy Winehouse,Pop
277306,It's Not Unusual,Glee Cast,Pop
277308,You Can't Stop The Beat,Glee Cast,Pop
277309,Y.U. MAD,Birdman Featuring Nicki Minaj & Lil Wayne,Urban
277310,Fix A Heart,Demi Lovato,Pop
277324,We Got The Beat,Glee Cast,Pop
277339,Unbroken,Demi Lovato,Pop
277416,Somewhere,Glee Cast,Pop
277424,Fight For You,Jason Derulo,Pop
277429,After Midnight,Blink-182,Alternative & Punk
277494,Fix You,Glee Cast,Pop
277503,Hangover,Taio Cruz Featuring Flo Rida,Pop
277507,I'm Flexin',T.I. Featuring Big K.R.I.T.,Urban
277532,Run The World (Girls),Glee Cast,Pop
277630,Still Got It,Tyga Featuring Drake,Urban
277640,Lost In Paradise,Evanescence,Rock
277738,Focused,Wale Featuring Kid Cudi,Urban
277789,Sweat,Bow Wow Featuring Lil Wayne,Urban
277799,Christmas Song (Chestnuts Roasting On An Open Fire),Justin Bieber Featuring Usher,Pop
277835,Lessons In Love,Kaskade Featuring Neon Trees,Electronica
277913,Last Friday Night,Glee Cast,Pop
277922,Ambition,Wale Featuring Meek Mill & Rick Ross,Urban
277927,All I Want For Christmas Is You (SuperFestive!),Justin Bieber Duet With Mariah Carey,Other
277967,Superman,Taylor Swift,Pop
277994,Run,Matt Nathanson Featuring Sugarland,Pop
277996,Smile Back,Mac Miller,Urban
278009,Uptown Girl,Glee Cast,Pop
278023,Come Home,Faith Hill,Traditional
278108,Hate Sleeping Alone,Drake,Urban
278110,You And  I / You And I,Glee Cast,Pop
278121,I Can't Go For That / You Make My Dreams,Glee Cast,Pop
278127,Hit Me With Your Best Shot / One Way Or Another,Glee Cast,Pop
278130,We'll Be Fine,Drake Featuring Birdman,Urban
278141,Shot For Me,Drake,Urban
278230,Lullaby,Nickelback,Alternative & Punk
278241,El Verdadero Amor Perdona,Mana Featuring Prince Royce,Other
278298,Perfect,Glee Cast,Pop
278300,Girls Just Want To Have Fun,Glee Cast,Pop
278307,I Kissed A Girl,Glee Cast,Pop
278327,I'm The Only One,Glee Cast,Pop
278330,Constant Craving,Glee Cast,Pop
278337,It's Beginning To Look A Lot Like Christmas,Michael Buble,Pop
278392,Survivor / I Will Survive,Glee Cast,Pop
278417,Man In The Mirror,Glee Cast,Pop
278429,ABC,Glee Cast,Pop
278433,Red Solo Cup,Glee Cast,Pop
278434,I'll Be Home For Christmas,Kelly Clarkson,Pop
278478,Sleazy Remix 2.0 Get Sleazier,"Ke$ha Featuring Lil Wayne, Wiz Khalifa, T.I. & Andre 3000",Pop
278533,Do They Know It's Christmas?,Glee Cast,Pop
278540,All I Want For Christmas Is You,Michael Buble,Pop
278617,Better Than I Know Myself,Adam Lambert,Pop
278629,Knock Knock,Mac Miller,Urban
278825,Set You Free,3OH!3,Alternative & Punk
278908,Tattoo,Van Halen,Rock
278919,Called Out In The Dark,Snow Patrol,Alternative & Punk
278932,Video Games,Lana Del Rey,Electronica
278939,Wild Boy,MGK Featuring Waka Flocka Flame,Urban
278969,Without You,Glee Cast,Pop
278997,We Found Love,Glee Cast,Pop
279003,Moves Like Jagger / Jumpin' Jack Flash,Glee Cast,Pop
279011,The First Time Ever I Saw Your Face,Glee Cast,Pop
279029,Summer Nights,Glee Cast,Pop
279197,Human Nature,Glee Cast,Pop
279205,Black Or White,Glee Cast,Pop
279219,Wanna Be Startin' Somethin',Glee Cast,Pop
279221,Bad,Glee Cast,Pop
279292,Ima Boss,"Meek Mill Featuring T.I., Birdman Lil Wayne, DJ Khaled, Rick Ross & Swizz Beatz",Urban
279321,Say Aah,Lindsey Pavao,Pop
279322,Sexy And I Know It,Glee Cast Featuring Ricky Martin,Pop
279340,La Isla Bonita,Glee Cast Featuring Ricky Martin,Pop
279341,Snitches Ain't...,"YG Featuring Tyga, Snoopd Dogg & Nipsey Hussle",Urban
279391,Runaway Baby,Bruno Mars,Pop
279420,Ima Boss,"Meek Mill Featuring T.I., Birdman, Lil Wayne, DJ Khaled, Rick Ross & Swizz Beatz",Urban
279428,I Will Always Love You,Glee Cast,Pop
279433,Stereo Hearts,Glee Cast,Pop
279441,Raise Your Weapon,deadmau5 Featuring Greta Svabo Bech,Electronica
279497,Fly / I Believe I Can Fly,Glee Cast,Pop
279506,Cough Syrup,Glee Cast,Pop
279507,What Doesn't Kill You (Stronger),Glee Cast,Pop
279514,Here's To Us,Glee Cast,Pop
279515,Mutha***** Up,Tyga Featuring Nicki Minaj,Urban
279531,Glad You Came,Glee Cast,Pop
279562,Live My Life,Far*East Movement Featuring Justin Bieber,Urban
279611,Roman Reloaded,Nicki Minaj Featuring Lil Wayne,Urban
279641,Thank You,Estelle,Urban
279780,Birthday Cake,Rihanna,Urban
279924,Come Away To The Water,Maroon 5 Featuring Rozzi Crane,Pop
280005,I Dont Really Care,Waka Flocka Flame Featuring Trey Songz,Urban
280019,She Doesn't Mind,Sean Paul,Other
280040,Naked,Dev & Enrique Iglesias,Pop
280122,Love This Life,T.I.,Urban
280227,Roxanne,Juliet Simms,Pop
280239,Hungry Like The Wolf / Rio,Glee Cast,Pop
280327,Way Too Cold,Kanye West Featuring DJ Khaled,Urban
280330,Sweet Love,Chris Brown,Urban
280337,Eyes Wide Open,Gotye,Alternative & Punk
280406,How Will I Know,Glee Cast,Pop
280433,It's Not Right But It's Okay,Glee Cast,Pop
280511,"It's A Man's, Man's, Man's World",Juliet Simms,Pop
280512,Shake It Out,Glee Cast,Pop
280599,99 Problems,Tony Lucca,Rock
280601,Turn To You (Mother's Day Dedication),Justin Bieber,Pop
280609,Yesterday,Adam Levine & Tony Lucca,Pop
280624,I Believe I Can Fly,Jermaine Paul,Pop
280626,The Prayer,Christina Aguilera & Chris Mann,Pop
280817,Around My Way (Freedom Ain't Free),Lupe Fiasco,Urban
280831,Undefeated,Jason Derulo,Pop
280838,We've Got Tonight,Phillip Phillips,Pop
280926,I'm All Yours,Jay Sean Featuring Pitbull,Urban
281013,Get Low,"Waka Flocka Flame Featuring Nicki Minaj, Tyga & Flo Rida",Electronica
281236,Right Here,Justin Bieber Featuring Drake,Pop
281321,Wipe Your Eyes,Maroon 5,Pop
281334,Bag Of Money,"Wale Featuring Rick Ross, Meek Mill, & T-Pain",Urban
281336,Lost In The Echo,Linkin Park,Rock
281338,Windows Down,BTR,Pop
281618,Go Get It,T.I.,Urban
281636,Mercy,Dave Matthews Band,Rock
281730,New God Flow,Pusha T   Kanye West,Urban
281820,New Day,50 Cent Featuring Dr. Dre & Alicia Keys,nan
282021,Yuck!,2 Chainz Featuring Lil Wayne,Urban
282033,Lamborghini Angels,Lupe Fiasco,Urban
282139,Throw That,Slaughterhouse Featuring Eminem,Urban
282427,This Kiss,Carly Rae Jepsen,Pop
282436,It's Time,Glee Cast,Pop
282528,Beautiful,Carly Rae Jepsen Featuring Justin Bieber,Pop
282732,The Scientist,Glee Cast,Pop
282738,Lover Of The Light,Mumford & Sons,Alternative & Punk
282854,State Of Grace,Taylor Swift,Pop
283006,I Almost Do,Taylor Swift,Pop
283021,All Too Well,Taylor Swift,Pop
283032,Stay Stay Stay,Taylor Swift,Pop
283033,Fade Into You,Sam Palladio & Clare Bowen,Traditional
283427,Seven Nation Army,Melanie Martinez,Alternative & Punk
283436,Stars,Grace Potter & The Nocturnals,Rock
283438,Stars,Amanda Brown,Pop
283535,Too Close,Melanie Martinez,Pop
283536,Are You Happy Now?,Cassadee Pope,Traditional
283625,I Want To Know What Love Is,Terry McDermott,Rock
283628,Let It Go,Wiz Khalifa Featuring Akon,Urban
283637,Somewhere Over The Rainbow,Nicholas David,Pop
283681,Stupid Boy,Cassadee Pope,Traditional
283711,Let It Be,Terry McDermott,Rock
283801,Cry,Cassadee Pope,Traditional
283840,C'mon,Ke$ha,Pop
283937,Bellas Finals: Price Tag/Don't You (Forget About Me)...,The Barden Bellas,Pop
283939,Rock Me,One Direction,Pop
284038,On My Own,Samantha Barks,Soundtrack
284105,The Moment I Knew,Taylor Swift,Pop
284223,Wild For The Night,A$AP Rocky Featuring Skrillex & Birdy Nam Nam,Urban
284227,Long Live A$AP,A$AP Rocky,Urban
284331,Bad Ass,Kid Ink Featuring Meek Mill & Wale,Urban
284401,YOLO,The Lonely Island Featuring Adam Levine & Kendrick Lamar,Urban
284432,Let Me Love You (Until You Learn To Love Yoursel),Glee Cast,Pop
284439,As Long As You Love Me (Acoustic),Justin Bieber,Pop
284500,Highway Don't Care,Tim McGraw & Taylor Swift,Traditional
284637,She Don't Put It Down,Joe Budden Featuring Lil Wayne & Tank,Urban
284835,It's A Beautiful Day,Michael Buble,Pop
285031,So Many Girls,"DJ Drama Featuring Wale, Tyga & Roscoe Dash",Urban
285221,The Phoenix,Fall Out Boy,Alternative & Punk
285301,Pom Poms,Jonas Brothers,Pop
285418,Accidental Racist,Brad Paisley Featuring LL Cool J,Traditional
285433,Just Keep Breathing,WE the Kings,Alternative & Punk
285499,Fall Down,will.i.am Featuring Miley Cyrus,Urban
285535,Blurred Lines,Robin Thicke Featuring T.I. & Pharrell,Pop
285734,Ready,Fabolous Feat. Chris Brown,Urban
285738,Sexy People (The Fiat Song),Arianna Featuring Pitbull,Electronica
285831,Tonight I'm Getting Over You,Carly Rae Jepsen Featuring Nicki Minaj,Pop
285934,I Am Beautiful,Candice Glover,Urban
286032,"Heads Carolina, Tails California",Danielle Bradbery,Traditional
286130,Grandpa (Tell Me 'Bout The Good Old Days),Danielle Bradberry,Traditional
286226,I Knew You Were Trouble,Michelle Chamuel,Pop
286319,Who I Am,Danielle Bradbery,Traditional
286329,I Got You,Jack Johnson,Rock
286331,Turn The Page,The Swon Brothers,Traditional
286332,Please Remember Me,Danielle Bradbery,Traditional
286333,Sad,Amber Carrington,Pop
286416,Born To Fly,Danielle Bradbery,Traditional
286418,Paper Doll,John Mayer,Rock
286433,Why,Michelle Chamuel,Pop
286439,One,Usher & Michelle Chamuel,Alternative & Punk
286440,I Can't Tell You Why,The Swon Brothers,Traditional
286641,Live For The Night,Krewella,Electronica
286724,Oceans,Jay Z Featuring Frank Ocean,Urban
286732,Picasso Baby,Jay Z,Urban
286741,Crown,Jay Z,Urban
286809,Miss Jackson,Panic! At The Disco Featuring LoLo,Alternative & Punk
286885,Tapout,"Lil Wayne, Birdman, Future, Mack Maine, Nicki Minaj",Urban
287100,Hopeless Wanderer,Mumford & Sons,Alternative & Punk
287228,This Is Gospel,Panic! At The Disco,Alternative & Punk
287235,We Own The Night,The Wanted,Pop
287237,Your Side Of The Bed,Little Big Town,Traditional
287337,Helluva Night,Ludacris,Urban
287383,Oh Sweet Lorraine,Green Shoe Studio Featuring Jacob Colgan & Fred Stobaugh,Pop
287432,Rock N Roll,Avril Lavigne,Pop
287540,Versace,Migos,Urban
287541,Act Right,Yo Gotti Featuring Jeezy & YG,Urban
287592,Stay The Night,Zedd featuring Hayley Williams Of Paramore,Other
287611,23,"Mike Will Made It Featuring Miley Cyrus, Wiz Khalifa & Juicy J",Urban
287635,I Do It,2 Chainz Featuring Drake & Lil Wayne,Urban
287640,Reflektor,Arcade Fire,Alternative & Punk
287706,A Light That Never Comes,Linkin Park X Steve Aoki,Rock
287719,Monster,Imagine Dragons,Alternative & Punk
287726,You Make Me,Avicii,Electronica
287737,This Is What It Feels Like,Armin van Buuren Featuring Trevor Guthrie,Pop
287805,Too Much,Drake,Urban
287808,From Time,Drake,Urban
287819,Own It,Drake,Urban
287822,Tuscan Leather,Drake,Urban
287828,Come Thru,Drake,Urban
287859,Gone,Kanye West Featuring Cam'ron & Consequence,Urban
287875,Walking On Air,Katy Perry,Pop
287908,My Hitta,YG X Jeezy X Rich Homie Quan,Urban
287930,From Time,Drake Featuring Jhene Aiko,Urban
288017,Sirens,Pearl Jam,Rock
288025,Make You Feel My Love,Glee Cast,Pop
288028,Drive,Miley Cyrus,Pop
288034,Someone Else,Miley Cyrus,Pop
288070,Chinese Food,Alison Gold,Pop
288170,Hold Tight,Justin Bieber,Pop
288175,Sweeter Than Fiction,Taylor Swift,Pop
288209,Wait For A Minute,Tyga & Justin Bieber,Urban
288273,Venus,Lady Gaga,Pop
288282,Recovery,Justin Bieber,Pop
288357,Say Something,A Great Big World Featuring Christina Aguilera,Pop
288394,Bad Day,Justin Bieber,Pop
288413,A Case Of You,James Wolpert,Electronica
288440,Beautiful Pain,Eminem Featuring Sia,Urban
288491,All Bad,Justin Bieber,Pop
288497,I Luv This Sh*t,August Alsina Featuing Trinidad James,Urban
288552,Diana,One Direction,Pop
288595,PYD,Justin Bieber Featuring R. Kelly,Pop
288628,Strong,One Direction,Pop
288637,Last Christmas,Ariana Grande,Pop
288688,Roller Coaster,Justin Bieber,Pop
288724,At Last,Will Champlin,Pop
288800,Change Me,Justin Bieber,Pop
288827,I. Crawl,Childish Gambino,Urban
288837,All The Way Home,Tamar Braxton,Urban
288896,Saturday,Rebecca Black & Dave Days,Other
288905,Bridge Over Troubled Water,Tessanne Chin,Pop
288916,Cannonball,Lea Michele,Pop
288928,Angel,Jacquie Lee,Pop
288930,My Story,R. Kelly Featuring 2 Chainz,Urban
288992,I Have Nothing,Tessanne Chin,Pop
289017,Let It Be,Tessanne Chin & Adam Levine,Pop
289329,You Sound Good To Me,Lucy Hale,Traditional
289526,El Perdedor,Enrique Iglesias Featuring Marco Antonio Solis,Other
289601,Follow Your Arrow,Kacey Musgraves,Traditional
289630,A Man Who Was Gonna Die Young,Eric Church,Traditional
289821,Achy Breaky 2,Buck 22 Featuring Billy Ray Cyrus,Traditional
289829,You're Mine (Eternal),Mariah Carey,Urban
289841,Explosions,Ellie Goulding,Electronica
290119,Sanctified,Rick Ross Featuring Kanye West & Big Sean,Urban
290127,The Devil Is A Lie,Rick Ross Featuring JAY Z,Urban
290135,Adrenalina,Wisin Featuring Jennifer Lopez & Ricky Martin,Other
290150,We Might Be Dead By Tomorrow,Soko,Alternative & Punk
290417,G.U.Y.,Lady Gaga,Pop
290636,Bad Blood,Bastille,Alternative & Punk
290735,Where It's At,Dustin Lynch,Traditional
290816,Hello Kitty,Avril Lavigne,Pop
290833,Stay With Me,Josh Kaufman,Pop
290915,"Hold On, We're Going Home",Christina Grimmie,Pop
290928,My Baby's Guns N' Roses,Brantley Gilbert,Traditional
290941,The Big Bang,Katy Tiz,Pop
291012,I Can't Make You Love Me,Josh Kaufman,Pop
291020,How To Love,Christina Grimmie,Pop
291023,Come Get It Bae,Pharrell,Pop
291031,17 Again,Brantley Gilbert,Traditional
291128,One,Ed Sheeran,Pop
291139,Heaven,Jake Worthington,Traditional
291186,Slave To The Rhythm,Michael Jackson,Urban
291207,Somebody That I Used To Know,Christina Grimmie & Adam Levine,Pop
291215,Can't Help Falling In Love,Christina Grimmie,Pop
291233,Leave Your Lover,Sam Smith,Urban
291320,Shades Of Cool,Lana Del Rey,Electronica
291331,XO,John Mayer,Rock
291411,Ultraviolence,Lana Del Rey,Electronica
291467,Hangover,PSY Featuring Snoop Dogg,Pop
291569,Kiss Me Kiss Me,5 Seconds Of Summer,Pop
291578,Afire Love,Ed Sheeran,Pop
291723,Get Her Back,Robin Thicke,Pop
291835,Calm Down,Busta Rhymes Featuring Eminem,Urban
291841,Ten Feet Tall,Afrojack Featuring Wrabel,Electronica
291965,Everything I Didn't Say,5 Seconds Of Summer,Pop
291980,Word Crimes,Weird Al Yankovic,Other
292132,Word Crimes,"""Weird Al"" Yankovic",Other
292133,Happy Little Pill,Troye Sivan,Electronica
292220,Chasing The Sun,Hilary Duff,Pop
292239,No Flex Zone!!,Rae Sremmurd,Urban
292328,Wild Life,Jack & Jack,Pop
292817,Two Night Town,Jason Aldean,Traditional
292939,X,Chris Brown,Urban
293040,Left Hand Free,alt-J,Alternative & Punk
293110,Bumpin' The Night,Florida Georgia Line,Traditional
293135,U Guessed It,OG Maco,Urban
293219,The Days,Avicii,Electronica
293239,Errrbody,Yo Gotti,Urban
293331,I'm Not Gonna Miss You,Glen Campbell,Pop
293512,I Won't Let You Down,OK Go,Alternative & Punk
293618,Ready To Run,One Direction,Pop
293639,Shut Up + Dance,Walk The Moon,Alternative & Punk
293728,18,One Direction,Pop
293729,Where Do Broken Hearts Go,One Direction,Pop
293804,Do They Know It's Christmas? (2014),Band Aid 30,Other
293819,Baby It's Cold Outside,Idina Menzel Duet With Michael Buble,Pop
293833,Take Me To Church,Matt McAndrew,Pop
293840,Stockholm Syndrome,One Direction,Pop
293925,I Walk The Line,Craig Wayne Boyd,Traditional
293981,The Blower's Daughter,Matt McAndrew,Pop
294041,Royals,Taylor John Williams,Pop
294100,The Old Rugged Cross,Craig Wayne Boyd,Traditional
294122,Make It Rain,Matt McAndrew,Pop
294131,Have Yourself A Merry Little Christmas,Sam Smith,Urban
294134,Come Join The Murder,The White Buffalo & The Forest Rangers,Rock
294139,When I Was Your Man,Chris Jamison,Pop
294155,Wasted Love,Matt McAndrew,Pop
294175,My Baby's Got A Smile On Her Face,Craig Wayne Boyd,Traditional
294194,Velvet,Chris Jamison,Pop
294204,Lost Without U,Chris Jamison & Adam Levine,Pop
294215,Soldier,Damien,Pop
294224,Lost Stars,Matt McAndrew & Adam Levine,Pop
294229,Get On Your Knees,Nicki Minaj Featuring Ariana Grande,Urban
294336,Bad B*tch,French Montana Featuring Jeremih,Urban
294341,Title,Meghan Trainor,Pop
294528,Best Friends,Sophia Grace,Other
294531,Blank Space,I Prevail,Alternative & Punk
294935,A Little Too Much,Shawn Mendes,Pop
294937,Hotel,Kid Ink Featuring Chris Brown,Urban
294939,Out The Speakers,A-Trak + Milo & Otis Featuring Rich Kidz,Electronica
295036,Where You Belong,The Weeknd,nan
295038,I Put A Spell On You,Annie Lennox,Pop
295040,Keep Your Money,Empire Cast Featuring Jussie Smollett,Soundtrack
295092,Wonderland,Taylor Swift,Pop
295124,6 God,Drake,Urban
295136,Now & Forever,Drake,Urban
295138,6 Man,Drake,Urban
295207,First Kiss,Kid Rock,Rock
295221,All Your Fault,Big Sean Featuring Kanye West,Urban
295224,You Are In Love,Taylor Swift,Pop
295240,Paradise,Big Sean,Urban
295312,New Romantics,Taylor Swift,Pop
295334,Adore,Cashmere Cat Featuring Ariana Grande,Pop
295337,Monster,Meek Mill,Urban
295507,The Blacker The Berry,Kendrick Lamar,Urban
295525,Fairly Local,Twenty One Pilots,Alternative & Punk
295532,Wesley's Theory,Kendrick Lamar Featuring George Clinton & Thundercat,Urban
295535,These Walls,Kendrick Lamar Featuring Bilal. Anna Wise & Thundercat,Urban
295540,Institutionalized,"Kendrick Lamar Featuring Bilal, Anna Wise & Snoop Dogg",Urban
295621,Failure,Breaking Benjamin,Alternative & Punk
295632,Baby Blue,Action Bronson Featuring Chance The Rapper,Urban
295839,Goodbye,Who Is Fancy,Pop
295939,Imagine,Sawyer Fredericks,Pop
295941,House Of The Rising Sun,Kimberly Nichole,Alternative & Punk
295981,Hallelujah,Panic! At The Disco,Alternative & Punk
296025,Make It Rain,Koryn Hawthorne,Pop
296041,Iris,Sawyer Fredericks,Pop
296112,Simple Man,Sawyer Fredericks,Pop
296123,Infinity,Mariah Carey,Urban
296240,Shine On,Sawyer Fredericks,Pop
296334,Beautiful Life,Nick Fradiani,Pop
296335,A Thousand Years,Sawyer Fredericks,Pop
296378,Please,Sawyer Fredericks,Pop
296404,Old Man,Sawyer Fredericks,Pop
296433,Change My Mind,Meghan Linsey,Pop
296588,Phenomenal,Eminem,Urban
296599,Ulay Oh,How I Became The Bomb,Alternative & Punk
296723,3500,Travi$ Scott Featuring Future & 2 Chainz,Urban
296834,Sparks,Hilary Duff,Pop
296908,No Sleeep,Janet,Urban
296941,Check,Young Thug,Urban
297039,My Way,Fetty Wap,Urban
297116,Love Is Your Name,Steven Tyler,Rock
297336,Blow A Bag,Future,Urban
297341,Dance Like We're Making Love,Ciara,Urban
297404,No Sleeep,Janet Featuring J. Cole,Urban
297419,Fire N Gold,Bea Miller,Pop
297519,Charged Up,Drake,Urban
297641,100 Grandkids,Mac Miller,Urban
297741,Fly Away,5 Seconds Of Summer,Pop
297841,I'm To Blame,Kip Moore,Traditional
297918,Roots,Imagine Dragons,Alternative & Punk
297926,Losers,The Weeknd Featuring Labrinth,Urban
297936,Jet Black Heart,5 Seconds Of Summer,Pop
298024,Burn Slow,Wiz Khalifa Featuring Rae Sremmurd,Urban
298133,Firestone,Kygo Featuring Conrad,Electronica
298229,30 for 30 Freestyle,Drake,Urban
298231,Runnin' (Lose It All),Naughty Boy Featuring Beyonce & Arrow Benjamin,Pop
298333,30 For 30 Freestyle,Drake,Urban
298541,Love Me,The 1975,Alternative & Punk
298640,Can't Sleep Love,Pentatonix,Pop
298723,Used To Love You Sober,Kane Brown,Traditional
298725,Used To Love You,Gwen Stefani,Pop
298837,Already Callin' You Mine,Parmalee,Traditional
298841,We Went,Randy Houser,Traditional
298906,History,One Direction,Pop
298928,Traveller,Chris Stapleton,Traditional
298929,Halo,Jordan Smith,Pop
298935,Stand By You,Rachel Platten,Pop
298945,Love Yourself,Justin Bieber,Pop
298971,Great Is Thy Faithfulness,Jordan Smith,Pop
298972,The Feeling,Justin Bieber Featuring Halsey,Pop
298983,Mark My Words,Justin Bieber,Pop
298984,Purpose,Justin Bieber,Pop
298990,No Pressure,Justin Bieber Featuring Big Sean,Pop
298994,Company,Justin Bieber,Pop
298995,No Sense,Justin Bieber Featuring Travi$ Scott,Pop
299008,Life Is Worth Living,Justin Bieber,Pop
299015,Children,Justin Bieber,Pop
299022,Been You,Justin Bieber,Pop
299024,If I Could Fly,One Direction,Pop
299028,Olivia,One Direction,Pop
299029,We Are,Justin Bieber Featuring Nas,Pop
299031,Get Used To Me,Justin Bieber,Pop
299035,A.M.,One Direction,Pop
299037,Temporary Fix,One Direction,Pop
299038,I Know What You Did Last Summer,Shawn Mendes & Camila Cabello,Pop
299039,Trust,Justin Bieber,Pop
299041,Never Enough,One Direction,Pop
